patient_id,difference_mm,slice_1,z_1,slice_2,z_2
10,0.0,lumos_ct_010/lumos_ct_010_118.Dcm,-1269.77,lumos_ct_010/lumos_ct_010_236.Dcm,-1269.77
10,0.0,lumos_ct_010/lumos_ct_010_117.Dcm,-1267.77,lumos_ct_010/lumos_ct_010_235.Dcm,-1267.77
10,0.0,lumos_ct_010/lumos_ct_010_116.Dcm,-1265.77,lumos_ct_010/lumos_ct_010_234.Dcm,-1265.77
10,0.0,lumos_ct_010/lumos_ct_010_115.Dcm,-1263.77,lumos_ct_010/lumos_ct_010_233.Dcm,-1263.77
10,0.0,lumos_ct_010/lumos_ct_010_114.Dcm,-1261.77,lumos_ct_010/lumos_ct_010_232.Dcm,-1261.77
10,0.0,lumos_ct_010/lumos_ct_010_113.Dcm,-1259.77,lumos_ct_010/lumos_ct_010_231.Dcm,-1259.77
10,0.0,lumos_ct_010/lumos_ct_010_112.Dcm,-1257.77,lumos_ct_010/lumos_ct_010_230.Dcm,-1257.77
10,0.0,lumos_ct_010/lumos_ct_010_111.Dcm,-1255.77,lumos_ct_010/lumos_ct_010_229.Dcm,-1255.77
10,0.0,lumos_ct_010/lumos_ct_010_110.Dcm,-1253.77,lumos_ct_010/lumos_ct_010_228.Dcm,-1253.77
10,0.0,lumos_ct_010/lumos_ct_010_109.Dcm,-1251.77,lumos_ct_010/lumos_ct_010_227.Dcm,-1251.77
10,0.0,lumos_ct_010/lumos_ct_010_108.Dcm,-1249.77,lumos_ct_010/lumos_ct_010_226.Dcm,-1249.77
10,0.0,lumos_ct_010/lumos_ct_010_107.Dcm,-1247.77,lumos_ct_010/lumos_ct_010_225.Dcm,-1247.77
10,0.0,lumos_ct_010/lumos_ct_010_106.Dcm,-1245.77,lumos_ct_010/lumos_ct_010_224.Dcm,-1245.77
10,0.0,lumos_ct_010/lumos_ct_010_105.Dcm,-1243.77,lumos_ct_010/lumos_ct_010_223.Dcm,-1243.77
10,0.0,lumos_ct_010/lumos_ct_010_104.Dcm,-1241.77,lumos_ct_010/lumos_ct_010_222.Dcm,-1241.77
10,0.0,lumos_ct_010/lumos_ct_010_103.Dcm,-1239.77,lumos_ct_010/lumos_ct_010_221.Dcm,-1239.77
10,0.0,lumos_ct_010/lumos_ct_010_102.Dcm,-1237.77,lumos_ct_010/lumos_ct_010_220.Dcm,-1237.77
10,0.0,lumos_ct_010/lumos_ct_010_101.Dcm,-1235.77,lumos_ct_010/lumos_ct_010_219.Dcm,-1235.77
10,0.0,lumos_ct_010/lumos_ct_010_100.Dcm,-1233.77,lumos_ct_010/lumos_ct_010_218.Dcm,-1233.77
10,0.0,lumos_ct_010/lumos_ct_010_099.Dcm,-1231.77,lumos_ct_010/lumos_ct_010_217.Dcm,-1231.77
10,0.0,lumos_ct_010/lumos_ct_010_098.Dcm,-1229.77,lumos_ct_010/lumos_ct_010_216.Dcm,-1229.77
10,0.0,lumos_ct_010/lumos_ct_010_097.Dcm,-1227.77,lumos_ct_010/lumos_ct_010_215.Dcm,-1227.77
10,0.0,lumos_ct_010/lumos_ct_010_096.Dcm,-1225.77,lumos_ct_010/lumos_ct_010_214.Dcm,-1225.77
10,0.0,lumos_ct_010/lumos_ct_010_095.Dcm,-1223.77,lumos_ct_010/lumos_ct_010_213.Dcm,-1223.77
10,0.0,lumos_ct_010/lumos_ct_010_094.Dcm,-1221.77,lumos_ct_010/lumos_ct_010_212.Dcm,-1221.77
10,0.0,lumos_ct_010/lumos_ct_010_093.Dcm,-1219.77,lumos_ct_010/lumos_ct_010_211.Dcm,-1219.77
10,0.0,lumos_ct_010/lumos_ct_010_092.Dcm,-1217.77,lumos_ct_010/lumos_ct_010_210.Dcm,-1217.77
10,0.0,lumos_ct_010/lumos_ct_010_091.Dcm,-1215.77,lumos_ct_010/lumos_ct_010_209.Dcm,-1215.77
10,0.0,lumos_ct_010/lumos_ct_010_090.Dcm,-1213.77,lumos_ct_010/lumos_ct_010_208.Dcm,-1213.77
10,0.0,lumos_ct_010/lumos_ct_010_089.Dcm,-1211.77,lumos_ct_010/lumos_ct_010_207.Dcm,-1211.77
10,0.0,lumos_ct_010/lumos_ct_010_088.Dcm,-1209.77,lumos_ct_010/lumos_ct_010_206.Dcm,-1209.77
10,0.0,lumos_ct_010/lumos_ct_010_087.Dcm,-1207.77,lumos_ct_010/lumos_ct_010_205.Dcm,-1207.77
10,0.0,lumos_ct_010/lumos_ct_010_086.Dcm,-1205.77,lumos_ct_010/lumos_ct_010_204.Dcm,-1205.77
10,0.0,lumos_ct_010/lumos_ct_010_085.Dcm,-1203.77,lumos_ct_010/lumos_ct_010_203.Dcm,-1203.77
10,0.0,lumos_ct_010/lumos_ct_010_084.Dcm,-1201.77,lumos_ct_010/lumos_ct_010_202.Dcm,-1201.77
10,0.0,lumos_ct_010/lumos_ct_010_083.Dcm,-1199.77,lumos_ct_010/lumos_ct_010_201.Dcm,-1199.77
10,0.0,lumos_ct_010/lumos_ct_010_082.Dcm,-1197.77,lumos_ct_010/lumos_ct_010_200.Dcm,-1197.77
10,0.0,lumos_ct_010/lumos_ct_010_081.Dcm,-1195.77,lumos_ct_010/lumos_ct_010_199.Dcm,-1195.77
10,0.0,lumos_ct_010/lumos_ct_010_080.Dcm,-1193.77,lumos_ct_010/lumos_ct_010_198.Dcm,-1193.77
10,0.0,lumos_ct_010/lumos_ct_010_079.Dcm,-1191.77,lumos_ct_010/lumos_ct_010_197.Dcm,-1191.77
10,0.0,lumos_ct_010/lumos_ct_010_078.Dcm,-1189.77,lumos_ct_010/lumos_ct_010_196.Dcm,-1189.77
10,0.0,lumos_ct_010/lumos_ct_010_077.Dcm,-1187.77,lumos_ct_010/lumos_ct_010_195.Dcm,-1187.77
10,0.0,lumos_ct_010/lumos_ct_010_076.Dcm,-1185.77,lumos_ct_010/lumos_ct_010_194.Dcm,-1185.77
10,0.0,lumos_ct_010/lumos_ct_010_075.Dcm,-1183.77,lumos_ct_010/lumos_ct_010_193.Dcm,-1183.77
10,0.0,lumos_ct_010/lumos_ct_010_074.Dcm,-1181.77,lumos_ct_010/lumos_ct_010_192.Dcm,-1181.77
10,0.0,lumos_ct_010/lumos_ct_010_073.Dcm,-1179.77,lumos_ct_010/lumos_ct_010_191.Dcm,-1179.77
10,0.0,lumos_ct_010/lumos_ct_010_072.Dcm,-1177.77,lumos_ct_010/lumos_ct_010_190.Dcm,-1177.77
10,0.0,lumos_ct_010/lumos_ct_010_071.Dcm,-1175.77,lumos_ct_010/lumos_ct_010_189.Dcm,-1175.77
10,0.0,lumos_ct_010/lumos_ct_010_070.Dcm,-1173.77,lumos_ct_010/lumos_ct_010_188.Dcm,-1173.77
10,0.0,lumos_ct_010/lumos_ct_010_069.Dcm,-1171.77,lumos_ct_010/lumos_ct_010_187.Dcm,-1171.77
10,0.0,lumos_ct_010/lumos_ct_010_068.Dcm,-1169.77,lumos_ct_010/lumos_ct_010_186.Dcm,-1169.77
10,0.0,lumos_ct_010/lumos_ct_010_067.Dcm,-1167.77,lumos_ct_010/lumos_ct_010_185.Dcm,-1167.77
10,0.0,lumos_ct_010/lumos_ct_010_066.Dcm,-1165.77,lumos_ct_010/lumos_ct_010_184.Dcm,-1165.77
10,0.0,lumos_ct_010/lumos_ct_010_065.Dcm,-1163.77,lumos_ct_010/lumos_ct_010_183.Dcm,-1163.77
10,0.0,lumos_ct_010/lumos_ct_010_064.Dcm,-1161.77,lumos_ct_010/lumos_ct_010_182.Dcm,-1161.77
10,0.0,lumos_ct_010/lumos_ct_010_063.Dcm,-1159.77,lumos_ct_010/lumos_ct_010_181.Dcm,-1159.77
10,0.0,lumos_ct_010/lumos_ct_010_062.Dcm,-1157.77,lumos_ct_010/lumos_ct_010_180.Dcm,-1157.77
10,0.0,lumos_ct_010/lumos_ct_010_061.Dcm,-1155.77,lumos_ct_010/lumos_ct_010_179.Dcm,-1155.77
10,0.0,lumos_ct_010/lumos_ct_010_060.Dcm,-1153.77,lumos_ct_010/lumos_ct_010_178.Dcm,-1153.77
10,0.0,lumos_ct_010/lumos_ct_010_059.Dcm,-1151.77,lumos_ct_010/lumos_ct_010_177.Dcm,-1151.77
10,0.0,lumos_ct_010/lumos_ct_010_058.Dcm,-1149.77,lumos_ct_010/lumos_ct_010_176.Dcm,-1149.77
10,0.0,lumos_ct_010/lumos_ct_010_057.Dcm,-1147.77,lumos_ct_010/lumos_ct_010_175.Dcm,-1147.77
10,0.0,lumos_ct_010/lumos_ct_010_056.Dcm,-1145.77,lumos_ct_010/lumos_ct_010_174.Dcm,-1145.77
10,0.0,lumos_ct_010/lumos_ct_010_055.Dcm,-1143.77,lumos_ct_010/lumos_ct_010_173.Dcm,-1143.77
10,0.0,lumos_ct_010/lumos_ct_010_054.Dcm,-1141.77,lumos_ct_010/lumos_ct_010_172.Dcm,-1141.77
10,0.0,lumos_ct_010/lumos_ct_010_053.Dcm,-1139.77,lumos_ct_010/lumos_ct_010_171.Dcm,-1139.77
10,0.0,lumos_ct_010/lumos_ct_010_052.Dcm,-1137.77,lumos_ct_010/lumos_ct_010_170.Dcm,-1137.77
10,0.0,lumos_ct_010/lumos_ct_010_051.Dcm,-1135.77,lumos_ct_010/lumos_ct_010_169.Dcm,-1135.77
10,0.0,lumos_ct_010/lumos_ct_010_050.Dcm,-1133.77,lumos_ct_010/lumos_ct_010_168.Dcm,-1133.77
10,0.0,lumos_ct_010/lumos_ct_010_049.Dcm,-1131.77,lumos_ct_010/lumos_ct_010_167.Dcm,-1131.77
10,0.0,lumos_ct_010/lumos_ct_010_048.Dcm,-1129.77,lumos_ct_010/lumos_ct_010_166.Dcm,-1129.77
10,0.0,lumos_ct_010/lumos_ct_010_047.Dcm,-1127.77,lumos_ct_010/lumos_ct_010_165.Dcm,-1127.77
10,0.0,lumos_ct_010/lumos_ct_010_046.Dcm,-1125.77,lumos_ct_010/lumos_ct_010_164.Dcm,-1125.77
10,0.0,lumos_ct_010/lumos_ct_010_045.Dcm,-1123.77,lumos_ct_010/lumos_ct_010_163.Dcm,-1123.77
10,0.0,lumos_ct_010/lumos_ct_010_044.Dcm,-1121.77,lumos_ct_010/lumos_ct_010_162.Dcm,-1121.77
10,0.0,lumos_ct_010/lumos_ct_010_043.Dcm,-1119.77,lumos_ct_010/lumos_ct_010_161.Dcm,-1119.77
10,0.0,lumos_ct_010/lumos_ct_010_042.Dcm,-1117.77,lumos_ct_010/lumos_ct_010_160.Dcm,-1117.77
10,0.0,lumos_ct_010/lumos_ct_010_041.Dcm,-1115.77,lumos_ct_010/lumos_ct_010_159.Dcm,-1115.77
10,0.0,lumos_ct_010/lumos_ct_010_040.Dcm,-1113.77,lumos_ct_010/lumos_ct_010_158.Dcm,-1113.77
10,0.0,lumos_ct_010/lumos_ct_010_039.Dcm,-1111.77,lumos_ct_010/lumos_ct_010_157.Dcm,-1111.77
10,0.0,lumos_ct_010/lumos_ct_010_038.Dcm,-1109.77,lumos_ct_010/lumos_ct_010_156.Dcm,-1109.77
10,0.0,lumos_ct_010/lumos_ct_010_037.Dcm,-1107.77,lumos_ct_010/lumos_ct_010_155.Dcm,-1107.77
10,0.0,lumos_ct_010/lumos_ct_010_036.Dcm,-1105.77,lumos_ct_010/lumos_ct_010_154.Dcm,-1105.77
10,0.0,lumos_ct_010/lumos_ct_010_035.Dcm,-1103.77,lumos_ct_010/lumos_ct_010_153.Dcm,-1103.77
10,0.0,lumos_ct_010/lumos_ct_010_034.Dcm,-1101.77,lumos_ct_010/lumos_ct_010_152.Dcm,-1101.77
10,0.0,lumos_ct_010/lumos_ct_010_033.Dcm,-1099.77,lumos_ct_010/lumos_ct_010_151.Dcm,-1099.77
10,0.0,lumos_ct_010/lumos_ct_010_032.Dcm,-1097.77,lumos_ct_010/lumos_ct_010_150.Dcm,-1097.77
10,0.0,lumos_ct_010/lumos_ct_010_031.Dcm,-1095.77,lumos_ct_010/lumos_ct_010_149.Dcm,-1095.77
10,0.0,lumos_ct_010/lumos_ct_010_030.Dcm,-1093.77,lumos_ct_010/lumos_ct_010_148.Dcm,-1093.77
10,0.0,lumos_ct_010/lumos_ct_010_029.Dcm,-1091.77,lumos_ct_010/lumos_ct_010_147.Dcm,-1091.77
10,0.0,lumos_ct_010/lumos_ct_010_028.Dcm,-1089.77,lumos_ct_010/lumos_ct_010_146.Dcm,-1089.77
10,0.0,lumos_ct_010/lumos_ct_010_027.Dcm,-1087.77,lumos_ct_010/lumos_ct_010_145.Dcm,-1087.77
10,0.0,lumos_ct_010/lumos_ct_010_026.Dcm,-1085.77,lumos_ct_010/lumos_ct_010_144.Dcm,-1085.77
10,0.0,lumos_ct_010/lumos_ct_010_025.Dcm,-1083.77,lumos_ct_010/lumos_ct_010_143.Dcm,-1083.77
10,0.0,lumos_ct_010/lumos_ct_010_024.Dcm,-1081.77,lumos_ct_010/lumos_ct_010_142.Dcm,-1081.77
10,0.0,lumos_ct_010/lumos_ct_010_023.Dcm,-1079.77,lumos_ct_010/lumos_ct_010_141.Dcm,-1079.77
10,0.0,lumos_ct_010/lumos_ct_010_022.Dcm,-1077.77,lumos_ct_010/lumos_ct_010_140.Dcm,-1077.77
10,0.0,lumos_ct_010/lumos_ct_010_021.Dcm,-1075.77,lumos_ct_010/lumos_ct_010_139.Dcm,-1075.77
10,0.0,lumos_ct_010/lumos_ct_010_020.Dcm,-1073.77,lumos_ct_010/lumos_ct_010_138.Dcm,-1073.77
10,0.0,lumos_ct_010/lumos_ct_010_019.Dcm,-1071.77,lumos_ct_010/lumos_ct_010_137.Dcm,-1071.77
10,0.0,lumos_ct_010/lumos_ct_010_018.Dcm,-1069.77,lumos_ct_010/lumos_ct_010_136.Dcm,-1069.77
10,0.0,lumos_ct_010/lumos_ct_010_017.Dcm,-1067.77,lumos_ct_010/lumos_ct_010_135.Dcm,-1067.77
10,0.0,lumos_ct_010/lumos_ct_010_016.Dcm,-1065.77,lumos_ct_010/lumos_ct_010_134.Dcm,-1065.77
10,0.0,lumos_ct_010/lumos_ct_010_015.Dcm,-1063.77,lumos_ct_010/lumos_ct_010_133.Dcm,-1063.77
10,0.0,lumos_ct_010/lumos_ct_010_014.Dcm,-1061.77,lumos_ct_010/lumos_ct_010_132.Dcm,-1061.77
10,0.0,lumos_ct_010/lumos_ct_010_013.Dcm,-1059.77,lumos_ct_010/lumos_ct_010_131.Dcm,-1059.77
10,0.0,lumos_ct_010/lumos_ct_010_012.Dcm,-1057.77,lumos_ct_010/lumos_ct_010_130.Dcm,-1057.77
10,0.0,lumos_ct_010/lumos_ct_010_011.Dcm,-1055.77,lumos_ct_010/lumos_ct_010_129.Dcm,-1055.77
10,0.0,lumos_ct_010/lumos_ct_010_010.Dcm,-1053.77,lumos_ct_010/lumos_ct_010_128.Dcm,-1053.77
10,0.0,lumos_ct_010/lumos_ct_010_009.Dcm,-1051.77,lumos_ct_010/lumos_ct_010_127.Dcm,-1051.77
10,0.0,lumos_ct_010/lumos_ct_010_008.Dcm,-1049.77,lumos_ct_010/lumos_ct_010_126.Dcm,-1049.77
10,0.0,lumos_ct_010/lumos_ct_010_007.Dcm,-1047.77,lumos_ct_010/lumos_ct_010_125.Dcm,-1047.77
10,0.0,lumos_ct_010/lumos_ct_010_006.Dcm,-1045.77,lumos_ct_010/lumos_ct_010_124.Dcm,-1045.77
10,0.0,lumos_ct_010/lumos_ct_010_005.Dcm,-1043.77,lumos_ct_010/lumos_ct_010_123.Dcm,-1043.77
10,0.0,lumos_ct_010/lumos_ct_010_004.Dcm,-1041.77,lumos_ct_010/lumos_ct_010_122.Dcm,-1041.77
10,0.0,lumos_ct_010/lumos_ct_010_003.Dcm,-1039.77,lumos_ct_010/lumos_ct_010_121.Dcm,-1039.77
10,0.0,lumos_ct_010/lumos_ct_010_002.Dcm,-1037.77,lumos_ct_010/lumos_ct_010_120.Dcm,-1037.77
10,0.0,lumos_ct_010/lumos_ct_010_001.Dcm,-1035.77,lumos_ct_010/lumos_ct_010_119.Dcm,-1035.77
63,0.03300000000012915,lumos_ct_063/lumos_ct_063_237.Dcm,-1167.68,lumos_ct_063/lumos_ct_063_250.Dcm,-1167.647
63,0.03999999999996362,lumos_ct_063/lumos_ct_063_273.Dcm,-1078.72,lumos_ct_063/lumos_ct_063_148.Dcm,-1078.68
63,0.057999999999992724,lumos_ct_063/lumos_ct_063_141.Dcm,-1071.68,lumos_ct_063/lumos_ct_063_269.Dcm,-1071.622
63,0.08699999999998909,lumos_ct_063/lumos_ct_063_103.Dcm,-1033.68,lumos_ct_063/lumos_ct_063_284.Dcm,-1033.593
63,0.006999999999834472,lumos_ct_063/lumos_ct_063_279.Dcm,-1024.687,lumos_ct_063/lumos_ct_063_094.Dcm,-1024.68
76,0.027799999999956526,lumos_ct_076/lumos_ct_076_107.Dcm,-932.5278,lumos_ct_076/lumos_ct_076_061.Dcm,-932.5
76,0.06759999999997035,lumos_ct_076/lumos_ct_076_033.Dcm,-848.5,lumos_ct_076/lumos_ct_076_121.Dcm,-848.4324
138,0.028999999999996362,lumos_ct_138/lumos_ct_138_239.Dcm,-1088.529,lumos_ct_138/lumos_ct_138_209.Dcm,-1088.5
138,0.07000000000005002,lumos_ct_138/lumos_ct_138_132.Dcm,-1011.5,lumos_ct_138/lumos_ct_138_245.Dcm,-1011.43
138,0.061299999999960164,lumos_ct_138/lumos_ct_138_090.Dcm,-969.5,lumos_ct_138/lumos_ct_138_252.Dcm,-969.4387
138,0.02030000000002019,lumos_ct_138/lumos_ct_138_086.Dcm,-965.5,lumos_ct_138/lumos_ct_138_251.Dcm,-965.4797
138,0.020694888769980935,lumos_ct_138/lumos_ct_138_250.Dcm,-961.52069488877,lumos_ct_138/lumos_ct_138_082.Dcm,-961.5
138,0.06169999999997344,lumos_ct_138/lumos_ct_138_249.Dcm,-957.5617,lumos_ct_138/lumos_ct_138_078.Dcm,-957.5
146,0.0,lumos_ct_146/lumos_ct_146_047.Dcm,-304.0,lumos_ct_146/lumos_ct_146_094.Dcm,-304.0
146,0.0,lumos_ct_146/lumos_ct_146_046.Dcm,-299.0,lumos_ct_146/lumos_ct_146_093.Dcm,-299.0
146,0.0,lumos_ct_146/lumos_ct_146_045.Dcm,-294.0,lumos_ct_146/lumos_ct_146_092.Dcm,-294.0
146,0.0,lumos_ct_146/lumos_ct_146_044.Dcm,-289.0,lumos_ct_146/lumos_ct_146_091.Dcm,-289.0
146,0.0,lumos_ct_146/lumos_ct_146_043.Dcm,-284.0,lumos_ct_146/lumos_ct_146_090.Dcm,-284.0
146,0.0,lumos_ct_146/lumos_ct_146_042.Dcm,-279.0,lumos_ct_146/lumos_ct_146_089.Dcm,-279.0
146,0.0,lumos_ct_146/lumos_ct_146_041.Dcm,-274.0,lumos_ct_146/lumos_ct_146_088.Dcm,-274.0
146,0.0,lumos_ct_146/lumos_ct_146_040.Dcm,-269.0,lumos_ct_146/lumos_ct_146_087.Dcm,-269.0
146,0.0,lumos_ct_146/lumos_ct_146_039.Dcm,-264.0,lumos_ct_146/lumos_ct_146_086.Dcm,-264.0
146,0.0,lumos_ct_146/lumos_ct_146_038.Dcm,-259.0,lumos_ct_146/lumos_ct_146_085.Dcm,-259.0
146,0.0,lumos_ct_146/lumos_ct_146_037.Dcm,-254.0,lumos_ct_146/lumos_ct_146_084.Dcm,-254.0
146,0.0,lumos_ct_146/lumos_ct_146_036.Dcm,-249.0,lumos_ct_146/lumos_ct_146_083.Dcm,-249.0
146,0.0,lumos_ct_146/lumos_ct_146_035.Dcm,-244.0,lumos_ct_146/lumos_ct_146_082.Dcm,-244.0
146,0.0,lumos_ct_146/lumos_ct_146_034.Dcm,-239.0,lumos_ct_146/lumos_ct_146_081.Dcm,-239.0
146,0.0,lumos_ct_146/lumos_ct_146_033.Dcm,-234.0,lumos_ct_146/lumos_ct_146_080.Dcm,-234.0
146,0.0,lumos_ct_146/lumos_ct_146_032.Dcm,-229.0,lumos_ct_146/lumos_ct_146_079.Dcm,-229.0
146,0.0,lumos_ct_146/lumos_ct_146_031.Dcm,-224.0,lumos_ct_146/lumos_ct_146_078.Dcm,-224.0
146,0.0,lumos_ct_146/lumos_ct_146_030.Dcm,-219.0,lumos_ct_146/lumos_ct_146_077.Dcm,-219.0
146,0.0,lumos_ct_146/lumos_ct_146_029.Dcm,-214.0,lumos_ct_146/lumos_ct_146_076.Dcm,-214.0
146,0.0,lumos_ct_146/lumos_ct_146_028.Dcm,-209.0,lumos_ct_146/lumos_ct_146_075.Dcm,-209.0
146,0.0,lumos_ct_146/lumos_ct_146_027.Dcm,-204.0,lumos_ct_146/lumos_ct_146_074.Dcm,-204.0
146,0.0,lumos_ct_146/lumos_ct_146_026.Dcm,-199.0,lumos_ct_146/lumos_ct_146_073.Dcm,-199.0
146,0.0,lumos_ct_146/lumos_ct_146_025.Dcm,-194.0,lumos_ct_146/lumos_ct_146_072.Dcm,-194.0
146,0.0,lumos_ct_146/lumos_ct_146_024.Dcm,-189.0,lumos_ct_146/lumos_ct_146_071.Dcm,-189.0
146,0.0,lumos_ct_146/lumos_ct_146_023.Dcm,-184.0,lumos_ct_146/lumos_ct_146_070.Dcm,-184.0
146,0.0,lumos_ct_146/lumos_ct_146_022.Dcm,-179.0,lumos_ct_146/lumos_ct_146_069.Dcm,-179.0
146,0.0,lumos_ct_146/lumos_ct_146_021.Dcm,-174.0,lumos_ct_146/lumos_ct_146_068.Dcm,-174.0
146,0.0,lumos_ct_146/lumos_ct_146_020.Dcm,-169.0,lumos_ct_146/lumos_ct_146_067.Dcm,-169.0
146,0.0,lumos_ct_146/lumos_ct_146_019.Dcm,-164.0,lumos_ct_146/lumos_ct_146_066.Dcm,-164.0
146,0.0,lumos_ct_146/lumos_ct_146_018.Dcm,-159.0,lumos_ct_146/lumos_ct_146_065.Dcm,-159.0
146,0.0,lumos_ct_146/lumos_ct_146_017.Dcm,-154.0,lumos_ct_146/lumos_ct_146_064.Dcm,-154.0
146,0.0,lumos_ct_146/lumos_ct_146_016.Dcm,-149.0,lumos_ct_146/lumos_ct_146_063.Dcm,-149.0
146,0.0,lumos_ct_146/lumos_ct_146_015.Dcm,-144.0,lumos_ct_146/lumos_ct_146_062.Dcm,-144.0
146,0.0,lumos_ct_146/lumos_ct_146_014.Dcm,-139.0,lumos_ct_146/lumos_ct_146_061.Dcm,-139.0
146,0.0,lumos_ct_146/lumos_ct_146_013.Dcm,-134.0,lumos_ct_146/lumos_ct_146_060.Dcm,-134.0
146,0.0,lumos_ct_146/lumos_ct_146_012.Dcm,-129.0,lumos_ct_146/lumos_ct_146_059.Dcm,-129.0
146,0.0,lumos_ct_146/lumos_ct_146_011.Dcm,-124.0,lumos_ct_146/lumos_ct_146_058.Dcm,-124.0
146,0.0,lumos_ct_146/lumos_ct_146_010.Dcm,-119.0,lumos_ct_146/lumos_ct_146_057.Dcm,-119.0
146,0.0,lumos_ct_146/lumos_ct_146_009.Dcm,-114.0,lumos_ct_146/lumos_ct_146_056.Dcm,-114.0
146,0.0,lumos_ct_146/lumos_ct_146_008.Dcm,-109.0,lumos_ct_146/lumos_ct_146_055.Dcm,-109.0
146,0.0,lumos_ct_146/lumos_ct_146_007.Dcm,-104.0,lumos_ct_146/lumos_ct_146_054.Dcm,-104.0
146,0.0,lumos_ct_146/lumos_ct_146_006.Dcm,-99.0,lumos_ct_146/lumos_ct_146_053.Dcm,-99.0
146,0.0,lumos_ct_146/lumos_ct_146_005.Dcm,-94.0,lumos_ct_146/lumos_ct_146_052.Dcm,-94.0
146,0.0,lumos_ct_146/lumos_ct_146_004.Dcm,-89.0,lumos_ct_146/lumos_ct_146_051.Dcm,-89.0
146,0.0,lumos_ct_146/lumos_ct_146_003.Dcm,-84.0,lumos_ct_146/lumos_ct_146_050.Dcm,-84.0
146,0.0,lumos_ct_146/lumos_ct_146_002.Dcm,-79.0,lumos_ct_146/lumos_ct_146_049.Dcm,-79.0
146,0.0,lumos_ct_146/lumos_ct_146_001.Dcm,-74.0,lumos_ct_146/lumos_ct_146_048.Dcm,-74.0
168,0.0,lumos_ct_168/lumos_ct_168_066.Dcm,543.5,lumos_ct_168/lumos_ct_168_132.Dcm,543.5
168,0.0,lumos_ct_168/lumos_ct_168_065.Dcm,548.5,lumos_ct_168/lumos_ct_168_131.Dcm,548.5
168,0.0,lumos_ct_168/lumos_ct_168_064.Dcm,553.5,lumos_ct_168/lumos_ct_168_130.Dcm,553.5
168,0.0,lumos_ct_168/lumos_ct_168_063.Dcm,558.5,lumos_ct_168/lumos_ct_168_129.Dcm,558.5
168,0.0,lumos_ct_168/lumos_ct_168_062.Dcm,563.5,lumos_ct_168/lumos_ct_168_128.Dcm,563.5
168,0.0,lumos_ct_168/lumos_ct_168_061.Dcm,568.5,lumos_ct_168/lumos_ct_168_127.Dcm,568.5
168,0.0,lumos_ct_168/lumos_ct_168_060.Dcm,573.5,lumos_ct_168/lumos_ct_168_126.Dcm,573.5
168,0.0,lumos_ct_168/lumos_ct_168_059.Dcm,578.5,lumos_ct_168/lumos_ct_168_125.Dcm,578.5
168,0.0,lumos_ct_168/lumos_ct_168_058.Dcm,583.5,lumos_ct_168/lumos_ct_168_124.Dcm,583.5
168,0.0,lumos_ct_168/lumos_ct_168_057.Dcm,588.5,lumos_ct_168/lumos_ct_168_123.Dcm,588.5
168,0.0,lumos_ct_168/lumos_ct_168_056.Dcm,593.5,lumos_ct_168/lumos_ct_168_122.Dcm,593.5
168,0.0,lumos_ct_168/lumos_ct_168_055.Dcm,598.5,lumos_ct_168/lumos_ct_168_121.Dcm,598.5
168,0.0,lumos_ct_168/lumos_ct_168_054.Dcm,603.5,lumos_ct_168/lumos_ct_168_120.Dcm,603.5
168,0.0,lumos_ct_168/lumos_ct_168_053.Dcm,608.5,lumos_ct_168/lumos_ct_168_119.Dcm,608.5
168,0.0,lumos_ct_168/lumos_ct_168_052.Dcm,613.5,lumos_ct_168/lumos_ct_168_118.Dcm,613.5
168,0.0,lumos_ct_168/lumos_ct_168_051.Dcm,618.5,lumos_ct_168/lumos_ct_168_117.Dcm,618.5
168,0.0,lumos_ct_168/lumos_ct_168_050.Dcm,623.5,lumos_ct_168/lumos_ct_168_116.Dcm,623.5
168,0.0,lumos_ct_168/lumos_ct_168_049.Dcm,628.5,lumos_ct_168/lumos_ct_168_115.Dcm,628.5
168,0.0,lumos_ct_168/lumos_ct_168_048.Dcm,633.5,lumos_ct_168/lumos_ct_168_114.Dcm,633.5
168,0.0,lumos_ct_168/lumos_ct_168_047.Dcm,638.5,lumos_ct_168/lumos_ct_168_113.Dcm,638.5
168,0.0,lumos_ct_168/lumos_ct_168_046.Dcm,643.5,lumos_ct_168/lumos_ct_168_112.Dcm,643.5
168,0.0,lumos_ct_168/lumos_ct_168_045.Dcm,648.5,lumos_ct_168/lumos_ct_168_111.Dcm,648.5
168,0.0,lumos_ct_168/lumos_ct_168_044.Dcm,653.5,lumos_ct_168/lumos_ct_168_110.Dcm,653.5
168,0.0,lumos_ct_168/lumos_ct_168_043.Dcm,658.5,lumos_ct_168/lumos_ct_168_109.Dcm,658.5
168,0.0,lumos_ct_168/lumos_ct_168_042.Dcm,663.5,lumos_ct_168/lumos_ct_168_108.Dcm,663.5
168,0.0,lumos_ct_168/lumos_ct_168_041.Dcm,668.5,lumos_ct_168/lumos_ct_168_107.Dcm,668.5
168,0.0,lumos_ct_168/lumos_ct_168_040.Dcm,673.5,lumos_ct_168/lumos_ct_168_106.Dcm,673.5
168,0.0,lumos_ct_168/lumos_ct_168_039.Dcm,678.5,lumos_ct_168/lumos_ct_168_105.Dcm,678.5
168,0.0,lumos_ct_168/lumos_ct_168_038.Dcm,683.5,lumos_ct_168/lumos_ct_168_104.Dcm,683.5
168,0.0,lumos_ct_168/lumos_ct_168_037.Dcm,688.5,lumos_ct_168/lumos_ct_168_103.Dcm,688.5
168,0.0,lumos_ct_168/lumos_ct_168_036.Dcm,693.5,lumos_ct_168/lumos_ct_168_102.Dcm,693.5
168,0.0,lumos_ct_168/lumos_ct_168_035.Dcm,698.5,lumos_ct_168/lumos_ct_168_101.Dcm,698.5
168,0.0,lumos_ct_168/lumos_ct_168_034.Dcm,703.5,lumos_ct_168/lumos_ct_168_100.Dcm,703.5
168,0.0,lumos_ct_168/lumos_ct_168_033.Dcm,708.5,lumos_ct_168/lumos_ct_168_099.Dcm,708.5
168,0.0,lumos_ct_168/lumos_ct_168_032.Dcm,713.5,lumos_ct_168/lumos_ct_168_098.Dcm,713.5
168,0.0,lumos_ct_168/lumos_ct_168_031.Dcm,718.5,lumos_ct_168/lumos_ct_168_097.Dcm,718.5
168,0.0,lumos_ct_168/lumos_ct_168_030.Dcm,723.5,lumos_ct_168/lumos_ct_168_096.Dcm,723.5
168,0.0,lumos_ct_168/lumos_ct_168_029.Dcm,728.5,lumos_ct_168/lumos_ct_168_095.Dcm,728.5
168,0.0,lumos_ct_168/lumos_ct_168_028.Dcm,733.5,lumos_ct_168/lumos_ct_168_094.Dcm,733.5
168,0.0,lumos_ct_168/lumos_ct_168_027.Dcm,738.5,lumos_ct_168/lumos_ct_168_093.Dcm,738.5
168,0.0,lumos_ct_168/lumos_ct_168_026.Dcm,743.5,lumos_ct_168/lumos_ct_168_092.Dcm,743.5
168,0.0,lumos_ct_168/lumos_ct_168_025.Dcm,748.5,lumos_ct_168/lumos_ct_168_091.Dcm,748.5
168,0.0,lumos_ct_168/lumos_ct_168_024.Dcm,753.5,lumos_ct_168/lumos_ct_168_090.Dcm,753.5
168,0.0,lumos_ct_168/lumos_ct_168_023.Dcm,758.5,lumos_ct_168/lumos_ct_168_089.Dcm,758.5
168,0.0,lumos_ct_168/lumos_ct_168_022.Dcm,763.5,lumos_ct_168/lumos_ct_168_088.Dcm,763.5
168,0.0,lumos_ct_168/lumos_ct_168_021.Dcm,768.5,lumos_ct_168/lumos_ct_168_087.Dcm,768.5
168,0.0,lumos_ct_168/lumos_ct_168_020.Dcm,773.5,lumos_ct_168/lumos_ct_168_086.Dcm,773.5
168,0.0,lumos_ct_168/lumos_ct_168_019.Dcm,778.5,lumos_ct_168/lumos_ct_168_085.Dcm,778.5
168,0.0,lumos_ct_168/lumos_ct_168_018.Dcm,783.5,lumos_ct_168/lumos_ct_168_084.Dcm,783.5
168,0.0,lumos_ct_168/lumos_ct_168_017.Dcm,788.5,lumos_ct_168/lumos_ct_168_083.Dcm,788.5
168,0.0,lumos_ct_168/lumos_ct_168_016.Dcm,793.5,lumos_ct_168/lumos_ct_168_082.Dcm,793.5
168,0.0,lumos_ct_168/lumos_ct_168_015.Dcm,798.5,lumos_ct_168/lumos_ct_168_081.Dcm,798.5
168,0.0,lumos_ct_168/lumos_ct_168_014.Dcm,803.5,lumos_ct_168/lumos_ct_168_080.Dcm,803.5
168,0.0,lumos_ct_168/lumos_ct_168_013.Dcm,808.5,lumos_ct_168/lumos_ct_168_079.Dcm,808.5
168,0.0,lumos_ct_168/lumos_ct_168_012.Dcm,813.5,lumos_ct_168/lumos_ct_168_078.Dcm,813.5
168,0.0,lumos_ct_168/lumos_ct_168_011.Dcm,818.5,lumos_ct_168/lumos_ct_168_077.Dcm,818.5
168,0.0,lumos_ct_168/lumos_ct_168_010.Dcm,823.5,lumos_ct_168/lumos_ct_168_076.Dcm,823.5
168,0.0,lumos_ct_168/lumos_ct_168_009.Dcm,828.5,lumos_ct_168/lumos_ct_168_075.Dcm,828.5
168,0.0,lumos_ct_168/lumos_ct_168_008.Dcm,833.5,lumos_ct_168/lumos_ct_168_074.Dcm,833.5
168,0.0,lumos_ct_168/lumos_ct_168_007.Dcm,838.5,lumos_ct_168/lumos_ct_168_073.Dcm,838.5
168,0.0,lumos_ct_168/lumos_ct_168_006.Dcm,843.5,lumos_ct_168/lumos_ct_168_072.Dcm,843.5
168,0.0,lumos_ct_168/lumos_ct_168_005.Dcm,848.5,lumos_ct_168/lumos_ct_168_071.Dcm,848.5
168,0.0,lumos_ct_168/lumos_ct_168_004.Dcm,853.5,lumos_ct_168/lumos_ct_168_070.Dcm,853.5
168,0.0,lumos_ct_168/lumos_ct_168_003.Dcm,858.5,lumos_ct_168/lumos_ct_168_069.Dcm,858.5
168,0.0,lumos_ct_168/lumos_ct_168_002.Dcm,863.5,lumos_ct_168/lumos_ct_168_068.Dcm,863.5
168,0.0,lumos_ct_168/lumos_ct_168_001.Dcm,868.5,lumos_ct_168/lumos_ct_168_067.Dcm,868.5
232,0.04500000000007276,lumos_ct_232/lumos_ct_232_207.Dcm,-1492.71,lumos_ct_232/lumos_ct_232_269.Dcm,-1492.665
232,0.03322289120001187,lumos_ct_232/lumos_ct_232_183.Dcm,-1468.71,lumos_ct_232/lumos_ct_232_276.Dcm,-1468.6767771088
232,0.04800000000000182,lumos_ct_232/lumos_ct_232_147.Dcm,-1432.71,lumos_ct_232/lumos_ct_232_282.Dcm,-1432.662
232,0.01700000000005275,lumos_ct_232/lumos_ct_232_134.Dcm,-1419.71,lumos_ct_232/lumos_ct_232_279.Dcm,-1419.693
262,0.07799999999997453,lumos_ct_262/lumos_ct_262_256.Dcm,-1074.078,lumos_ct_262/lumos_ct_262_235.Dcm,-1074.0
262,0.08300000000008367,lumos_ct_262/lumos_ct_262_196.Dcm,-1035.0,lumos_ct_262/lumos_ct_262_261.Dcm,-1034.917
262,0.01999999999998181,lumos_ct_262/lumos_ct_262_186.Dcm,-1025.0,lumos_ct_262/lumos_ct_262_259.Dcm,-1024.98
262,0.0584999999999809,lumos_ct_262/lumos_ct_262_266.Dcm,-944.0585,lumos_ct_262/lumos_ct_262_105.Dcm,-944.0
262,0.03989999999998872,lumos_ct_262/lumos_ct_262_079.Dcm,-918.0,lumos_ct_262/lumos_ct_262_270.Dcm,-917.9601
262,0.07600000000002183,lumos_ct_262/lumos_ct_262_273.Dcm,-879.076,lumos_ct_262/lumos_ct_262_040.Dcm,-879.0
