patient_id,dicom_count,kernel_count,kernels,image_types,series_descriptions
1,58,1,C:58,ORIGINAL\PRIMARY\AXIAL:58,iDose (2):58
2,100,1,D:100,ORIGINAL\PRIMARY\AXIAL\HELIX:100,Unknown:100
3,260,1,B:260,ORIGINAL\PRIMARY\AXIAL:260,iDose (4):260
4,62,1,C:62,ORIGINAL\PRIMARY\AXIAL:62,iDose (2):62
5,291,1,STANDARD:291,ORIGINAL\PRIMARY\AXIAL:291,1.25/0.625mm stnd:291
6,52,1,C:52,ORIGINAL\PRIMARY\AXIAL:52,iDose (2):52
7,236,1,B:236,ORIGINAL\PRIMARY\AXIAL:236,iDose (4):236
9,61,1,C:61,ORIGINAL\PRIMARY\AXIAL:61,iDose (2):61
10,236,2,A:118 | YB:118,ORIGINAL\PRIMARY\AXIAL:236,iDose (2):236
11,71,1,C:71,ORIGINAL\PRIMARY\AXIAL:71,iDose (2):71
12,100,1,D:100,ORIGINAL\PRIMARY\AXIAL\HELIX:100,Unknown:100
13,58,1,C:58,ORIGINAL\PRIMARY\AXIAL:58,iDose (2):58
14,256,1,B:256,ORIGINAL\PRIMARY\AXIAL:256,iDose (4):256
15,68,2,B80s:67 | Unknown:1,DERIVED\SECONDARY\OTHER\CT_SOM5 PROT:1 | ORIGINAL\PRIMARY\AXIAL\CT_SOM5 SPI:67,Patient Protocol:1 | Spine  4.0  B80s:67
16,268,1,B:268,ORIGINAL\PRIMARY\AXIAL:268,iDose (4):268
17,66,1,C:66,ORIGINAL\PRIMARY\AXIAL:66,iDose (2):66
18,67,1,C:67,ORIGINAL\PRIMARY\AXIAL:67,iDose (2):67
19,57,1,C:57,ORIGINAL\PRIMARY\AXIAL:57,iDose (2):57
20,61,1,FC08:61,ORIGINAL\PRIMARY\AXIAL:61,Spine 5.0:61
21,53,1,C:53,ORIGINAL\PRIMARY\AXIAL:53,iDose (2):53
22,244,1,B:244,ORIGINAL\PRIMARY\AXIAL:244,iDose (4):244
23,91,1,D:91,ORIGINAL\PRIMARY\AXIAL\HELIX:91,Unknown:91
25,100,1,D:100,ORIGINAL\PRIMARY\AXIAL\HELIX:100,Unknown:100
26,50,1,C:50,ORIGINAL\PRIMARY\AXIAL:50,iDose (2):50
27,63,1,C:63,ORIGINAL\PRIMARY\AXIAL:63,iDose (2):63
28,54,1,FC08:54,ORIGINAL\PRIMARY\AXIAL:54,Spine 5.0:54
29,75,1,A:75,ORIGINAL\PRIMARY\AXIAL:75,iDose (2):75
30,66,1,A:66,ORIGINAL\PRIMARY\AXIAL:66,iDose (2):66
31,65,1,A:65,ORIGINAL\PRIMARY\AXIAL:65,iDose (2):65
32,61,1,FC08:61,ORIGINAL\PRIMARY\AXIAL:61,Spine 5.0:61
33,260,1,B:260,ORIGINAL\PRIMARY\AXIAL:260,iDose (4):260
34,81,1,D:81,ORIGINAL\PRIMARY\AXIAL\HELIX:81,Unknown:81
35,128,1,A:128,ORIGINAL\PRIMARY\AXIAL:128,iDose (2):128
36,386,1,STANDARD:386,ORIGINAL\PRIMARY\AXIAL:386,1.25/0.625mm stnd:386
37,256,1,B:256,ORIGINAL\PRIMARY\AXIAL:256,iDose (4):256
38,292,1,B:292,ORIGINAL\PRIMARY\AXIAL:292,iDose (4):292
39,216,1,STANDARD:216,ORIGINAL\PRIMARY\AXIAL:216,1.25/0.625mm stnd:216
40,244,1,B:244,ORIGINAL\PRIMARY\AXIAL:244,iDose (4):244
41,247,1,B:247,ORIGINAL\PRIMARY\AXIAL:247,iDose (4):247
42,79,1,D:79,ORIGINAL\PRIMARY\AXIAL\HELIX:79,Unknown:79
43,61,1,FC08:61,ORIGINAL\PRIMARY\AXIAL:61,Spine 5.0:61
44,100,1,D:100,ORIGINAL\PRIMARY\AXIAL\HELIX:100,Unknown:100
45,64,1,A:64,ORIGINAL\PRIMARY\AXIAL:64,iDose (2):64
46,244,1,B:244,ORIGINAL\PRIMARY\AXIAL:244,iDose (4):244
48,376,1,FC08:376,ORIGINAL\PRIMARY\AXIAL:376,Spine 1.0:376
49,64,1,A:64,ORIGINAL\PRIMARY\AXIAL:64,iDose (2):64
50,292,1,B:292,ORIGINAL\PRIMARY\AXIAL:292,iDose (4):292
51,61,1,FC08:61,ORIGINAL\PRIMARY\AXIAL:61,Spine 5.0:61
52,67,1,C:67,ORIGINAL\PRIMARY\AXIAL:67,iDose (2):67
53,87,1,D:87,ORIGINAL\PRIMARY\AXIAL\HELIX:87,Unknown:87
54,61,1,C:61,ORIGINAL\PRIMARY\AXIAL:61,iDose (2):61
55,62,1,B80s:62,ORIGINAL\PRIMARY\AXIAL\CT_SOM5 SPI:62,SpineRoutine  4.0  B80s:62
56,270,1,B_SOFT_C:270,ORIGINAL\PRIMARY\AXIAL\HELICAL:270,1.0 x 1.0:270
57,75,1,D:75,ORIGINAL\PRIMARY\AXIAL\HELIX:75,Unknown:75
58,54,1,FC35:54,ORIGINAL\PRIMARY\AXIAL:54,Spine 5.0:54
59,80,1,D:80,ORIGINAL\PRIMARY\AXIAL\HELIX:80,Unknown:80
60,251,1,STANDARD:251,ORIGINAL\PRIMARY\AXIAL:251,1.25/0.625mm stnd:251
61,266,1,STANDARD:266,ORIGINAL\PRIMARY\AXIAL:266,1.25/0.625mm stnd:266
62,268,1,B:268,ORIGINAL\PRIMARY\AXIAL:268,iDose (4):268
63,284,1,B:284,DERIVED\SECONDARY\MPR:40 | ORIGINAL\PRIMARY\AXIAL:244,Batch 1:10 | Batch 2:10 | Batch 3:10 | Batch 4:10 | iDose (4):244
64,368,1,"['Br40s', '2']:368",ORIGINAL\PRIMARY\AXIAL\CT_SOM5 SPI:368,Spine  1.0  Br40  2:368
65,242,1,B_VSHARP_B:242,ORIGINAL\PRIMARY\AXIAL\HELICAL:242,1.0 x 1.0:242
66,256,1,B:256,ORIGINAL\PRIMARY\AXIAL:256,iDose (4):256
67,280,1,B:280,ORIGINAL\PRIMARY\AXIAL:280,iDose (4):280
68,91,1,D:91,ORIGINAL\PRIMARY\AXIAL\HELIX:91,Unknown:91
69,66,1,C:66,ORIGINAL\PRIMARY\AXIAL:66,iDose (2):66
70,62,1,C:62,ORIGINAL\PRIMARY\AXIAL:62,iDose (2):62
71,70,1,A:70,ORIGINAL\PRIMARY\AXIAL:70,iDose (2):70
72,52,1,A:52,ORIGINAL\PRIMARY\AXIAL:52,iDose (2):52
73,61,1,FC08:61,ORIGINAL\PRIMARY\AXIAL:61,Spine 5.0:61
74,54,1,FC08:54,ORIGINAL\PRIMARY\AXIAL:54,Spine 5.0:54
75,212,1,B:212,ORIGINAL\PRIMARY\AXIAL:212,iDose (4):212
76,130,2,B:30 | D:100,DERIVED\SECONDARY\MPR:30 | ORIGINAL\PRIMARY\AXIAL\HELIX:100,Batch 1:6 | Batch 2:6 | Batch 3:6 | Batch 4:6 | Batch 5:6 | Unknown:100
77,310,1,FC08:310,ORIGINAL\PRIMARY\AXIAL:310,Spine 1.0:310
78,66,1,C:66,ORIGINAL\PRIMARY\AXIAL:66,iDose (2):66
79,75,1,C:75,ORIGINAL\PRIMARY\AXIAL:75,iDose (2):75
80,74,1,C:74,ORIGINAL\PRIMARY\AXIAL:74,iDose (2):74
81,100,1,D:100,ORIGINAL\PRIMARY\AXIAL\HELIX:100,Unknown:100
82,60,1,C:60,ORIGINAL\PRIMARY\AXIAL:60,iDose (2):60
83,88,1,D:88,ORIGINAL\PRIMARY\AXIAL\HELIX:88,Unknown:88
84,268,1,B:268,ORIGINAL\PRIMARY\AXIAL:268,iDose (4):268
85,67,1,YB:67,ORIGINAL\PRIMARY\AXIAL:67,iDose (2):67
86,61,1,FC08:61,ORIGINAL\PRIMARY\AXIAL:61,Spine 5.0:61
87,55,1,FC08:55,ORIGINAL\PRIMARY\AXIAL:55,Spine 5.0:55
88,61,1,FC08:61,ORIGINAL\PRIMARY\AXIAL:61,Spine 5.0:61
89,100,1,D:100,ORIGINAL\PRIMARY\AXIAL\HELIX:100,Unknown:100
90,241,1,B_SOFT_C:241,ORIGINAL\PRIMARY\AXIAL\HELICAL:241,1.0 x 1.0:241
91,59,1,FC08:59,ORIGINAL\PRIMARY\AXIAL:59,Spine 5.0:59
92,61,1,FC08:61,ORIGINAL\PRIMARY\AXIAL:61,Spine 5.0:61
93,88,1,D:88,ORIGINAL\PRIMARY\AXIAL\HELIX:88,Unknown:88
94,264,1,B:264,ORIGINAL\PRIMARY\AXIAL:264,iDose (4):264
95,61,1,FC35:61,ORIGINAL\PRIMARY\AXIAL:61,Spine 5.0:61
96,55,1,B80s:55,ORIGINAL\PRIMARY\AXIAL\CT_SOM5 SPI:55,SpineRoutine  4.0  B80s:55
97,277,1,B_SOFT_C:277,ORIGINAL\PRIMARY\AXIAL\HELICAL:277,1.0 x 1.0:277
98,129,1,YB:129,ORIGINAL\PRIMARY\AXIAL:129,iDose (2):129
99,61,1,C:61,ORIGINAL\PRIMARY\AXIAL:61,iDose (2):61
100,100,1,D:100,ORIGINAL\PRIMARY\AXIAL\HELIX:100,Unknown:100
101,488,1,FC08:488,ORIGINAL\PRIMARY\AXIAL:488,Spine 1.0:488
102,256,1,B:256,ORIGINAL\PRIMARY\AXIAL:256,iDose (4):256
103,55,1,A:55,ORIGINAL\PRIMARY\AXIAL:55,iDose (2):55
104,139,1,A:139,ORIGINAL\PRIMARY\AXIAL:139,iDose (2):139
105,245,1,B_VSHARP_B:245,ORIGINAL\PRIMARY\AXIAL\HELICAL:245,1.0 x 1.0:245
106,86,1,D:86,ORIGINAL\PRIMARY\AXIAL\HELIX:86,Unknown:86
107,68,1,B80s:68,ORIGINAL\PRIMARY\AXIAL\CT_SOM5 SPI:68,Spine  4.0  B80s:68
108,245,1,B:245,ORIGINAL\PRIMARY\AXIAL\HELIX:245,Unknown:245
109,228,1,B:228,ORIGINAL\PRIMARY\AXIAL:228,iDose (4):228
110,376,1,FC08:376,ORIGINAL\PRIMARY\AXIAL:376,Spine 1.0:376
111,313,1,FC08:313,ORIGINAL\PRIMARY\AXIAL:313,Spine 1.0:313
112,290,1,B_SOFT_C:290,ORIGINAL\PRIMARY\AXIAL\HELICAL:290,1.0 x 1.0:290
113,268,1,B:268,ORIGINAL\PRIMARY\AXIAL:268,iDose (4):268
114,344,1,FC08:344,ORIGINAL\PRIMARY\AXIAL:344,Spine 1.0:344
115,200,1,B_SOFT_C:200,ORIGINAL\PRIMARY\AXIAL\HELICAL:200,1.0 x 1.0:200
116,66,1,FC35:66,ORIGINAL\PRIMARY\AXIAL:66,Spine 5.0:66
117,224,1,B:224,ORIGINAL\PRIMARY\AXIAL:224,iDose (4):224
118,259,1,B41s:259,ORIGINAL\PRIMARY\AXIAL\CT_SOM5 SPI:259,Spine  1.0  B41s:259
119,57,1,A:57,ORIGINAL\PRIMARY\AXIAL:57,iDose (2):57
120,99,1,D:99,ORIGINAL\PRIMARY\AXIAL\HELIX:99,Unknown:99
121,63,1,C:63,ORIGINAL\PRIMARY\AXIAL:63,iDose (2):63
122,58,1,C:58,ORIGINAL\PRIMARY\AXIAL:58,iDose (2):58
123,63,1,C:63,ORIGINAL\PRIMARY\AXIAL:63,iDose (2):63
124,55,1,FC08:55,ORIGINAL\PRIMARY\AXIAL:55,Spine 5.0:55
125,99,1,D:99,ORIGINAL\PRIMARY\AXIAL\HELIX:99,Unknown:99
126,85,1,D:85,ORIGINAL\PRIMARY\AXIAL\HELIX:85,Unknown:85
127,252,1,B:252,ORIGINAL\PRIMARY\AXIAL:252,iDose (4):252
128,62,1,C:62,ORIGINAL\PRIMARY\AXIAL:62,iDose (2):62
129,61,1,C:61,ORIGINAL\PRIMARY\AXIAL:61,iDose (2):61
130,61,1,FC08:61,ORIGINAL\PRIMARY\AXIAL:61,Spine 5.0:61
131,61,1,FC08:61,ORIGINAL\PRIMARY\AXIAL:61,Spine 5.0:61
132,56,1,C:56,ORIGINAL\PRIMARY\AXIAL:56,iDose (2):56
133,61,1,FC08:61,ORIGINAL\PRIMARY\AXIAL:61,Spine 5.0:61
134,300,1,"['Br40s', '2']:300",ORIGINAL\PRIMARY\AXIAL\CT_SOM5 SPI:300,Spine  1.0  Br40  2:300
135,186,1,B_SOFT_C:186,ORIGINAL\PRIMARY\AXIAL\HELICAL:186,1.0 x 1.0:186
136,264,1,B:264,ORIGINAL\PRIMARY\AXIAL:264,iDose (4):264
137,298,1,B:298,ORIGINAL\PRIMARY\AXIAL\HELIX:298,Unknown:298
138,263,1,B:263,DERIVED\SECONDARY\MPR:25 | ORIGINAL\PRIMARY\AXIAL\HELIX:238,Batch 1:5 | Batch 2:5 | Batch 3:5 | Batch 4:5 | Batch 5:5 | Unknown:238
139,256,1,B:256,ORIGINAL\PRIMARY\AXIAL:256,iDose (4):256
141,284,1,B:284,ORIGINAL\PRIMARY\AXIAL:284,iDose (4):284
142,73,1,C:73,ORIGINAL\PRIMARY\AXIAL:73,iDose (2):73
143,57,1,C:57,ORIGINAL\PRIMARY\AXIAL:57,iDose (2):57
144,61,1,FC08:61,ORIGINAL\PRIMARY\AXIAL:61,Spine 5.0:61
145,100,1,D:100,ORIGINAL\PRIMARY\AXIAL\HELIX:100,Unknown:100
146,94,1,BONEPLUS:94,ORIGINAL\PRIMARY\AXIAL:94,5mm bone plus:47 | 5mm stnd:47
147,376,1,FC08:376,ORIGINAL\PRIMARY\AXIAL:376,Spine 1.0:376
148,86,1,D:86,ORIGINAL\PRIMARY\AXIAL\HELIX:86,Unknown:86
149,61,1,FC08:61,ORIGINAL\PRIMARY\AXIAL:61,Spine 5.0:61
150,304,1,B:304,ORIGINAL\PRIMARY\AXIAL:304,iDose (4):304
151,62,1,C:62,ORIGINAL\PRIMARY\AXIAL:62,iDose (2):62
152,252,1,B:252,ORIGINAL\PRIMARY\AXIAL:252,iDose (4):252
153,274,1,B:274,ORIGINAL\PRIMARY\AXIAL\HELIX:274,Unknown:274
154,66,1,C:66,ORIGINAL\PRIMARY\AXIAL:66,iDose (2):66
155,376,1,FC08:376,ORIGINAL\PRIMARY\AXIAL:376,Spine 1.0:376
156,83,1,D:83,ORIGINAL\PRIMARY\AXIAL\HELIX:83,Unknown:83
157,61,1,B80s:61,ORIGINAL\PRIMARY\AXIAL\CT_SOM5 SPI:61,Spine  4.0  B80s:61
158,77,1,A:77,ORIGINAL\PRIMARY\AXIAL:77,iDose (2):77
159,376,1,FC08:376,ORIGINAL\PRIMARY\AXIAL:376,Spine 1.0:376
160,252,1,B:252,ORIGINAL\PRIMARY\AXIAL:252,iDose (4):252
161,332,1,FC08:332,ORIGINAL\PRIMARY\AXIAL:332,Spine 1.0:332
162,260,1,B:260,ORIGINAL\PRIMARY\AXIAL:260,iDose (4):260
163,67,1,C:67,ORIGINAL\PRIMARY\AXIAL:67,iDose (2):67
164,252,1,B:252,ORIGINAL\PRIMARY\AXIAL:252,iDose (4):252
165,77,1,A:77,ORIGINAL\PRIMARY\AXIAL:77,iDose (2):77
166,61,1,C:61,ORIGINAL\PRIMARY\AXIAL:61,iDose (2):61
167,61,1,FC08:61,ORIGINAL\PRIMARY\AXIAL:61,Spine 5.0:61
168,132,2,FC08:66 | FC35:66,ORIGINAL\PRIMARY\AXIAL:132,Spine 5.0 CE:132
169,82,1,D:82,ORIGINAL\PRIMARY\AXIAL\HELIX:82,Unknown:82
170,322,1,"['Br40s', '2']:322",ORIGINAL\PRIMARY\AXIAL\CT_SOM5 SPI:322,Spine  1.0  Br40  2:322
171,246,1,STANDARD:246,ORIGINAL\PRIMARY\AXIAL:246,1.25/0.625mm stnd:246
173,73,1,C:73,ORIGINAL\PRIMARY\AXIAL:73,iDose (2):73
174,248,1,B:248,ORIGINAL\PRIMARY\AXIAL:248,iDose (4):248
175,285,1,FC08:285,ORIGINAL\PRIMARY\AXIAL:285,Spine 1.0:285
176,256,1,B:256,ORIGINAL\PRIMARY\AXIAL:256,iDose (4):256
177,65,1,A:65,ORIGINAL\PRIMARY\AXIAL:65,iDose (2):65
178,60,1,A:60,ORIGINAL\PRIMARY\AXIAL:60,iDose (2):60
179,84,1,D:84,ORIGINAL\PRIMARY\AXIAL\HELIX:84,Unknown:84
180,150,1,YB:150,ORIGINAL\PRIMARY\AXIAL:150,iDose (2):150
181,252,1,B_SOFT_C:252,ORIGINAL\PRIMARY\AXIAL\HELICAL:252,1.0 x 1.0:252
182,93,1,D:93,ORIGINAL\PRIMARY\AXIAL\HELIX:93,Unknown:93
183,67,1,B80s:67,ORIGINAL\PRIMARY\AXIAL\CT_SOM5 SPI:67,Spine  4.0  B80s:67
184,363,1,FC08:363,ORIGINAL\PRIMARY\AXIAL:363,Spine 1.0:363
185,304,1,B:304,ORIGINAL\PRIMARY\AXIAL:304,iDose (4):304
186,376,1,FC08:376,ORIGINAL\PRIMARY\AXIAL:376,Spine 1.0:376
187,193,1,STANDARD:193,ORIGINAL\PRIMARY\AXIAL:193,1.25mm stan:193
188,255,1,B_SOFT_C:255,ORIGINAL\PRIMARY\AXIAL\HELICAL:255,1.0 x 1.0:255
189,224,1,B:224,ORIGINAL\PRIMARY\AXIAL:224,iDose (4):224
190,52,1,FC08:52,ORIGINAL\PRIMARY\AXIAL:52,Spine 5.0:52
191,248,1,B:248,ORIGINAL\PRIMARY\AXIAL:248,iDose (4):248
193,56,1,C:56,ORIGINAL\PRIMARY\AXIAL:56,iDose (2):56
194,240,1,B:240,ORIGINAL\PRIMARY\AXIAL:240,iDose (4):240
195,256,1,B:256,ORIGINAL\PRIMARY\AXIAL\HELIX:256,Unknown:256
196,255,1,B:255,ORIGINAL\PRIMARY\AXIAL:255,iDose (4):255
197,58,1,C:58,ORIGINAL\PRIMARY\AXIAL:58,iDose (2):58
198,240,1,B:240,ORIGINAL\PRIMARY\AXIAL:240,iDose (4):240
199,63,1,C:63,ORIGINAL\PRIMARY\AXIAL:63,iDose (2):63
200,100,1,D:100,ORIGINAL\PRIMARY\AXIAL\HELIX:100,Unknown:100
201,338,1,FC08:338,ORIGINAL\PRIMARY\AXIAL:338,Spine 1.0:338
202,256,1,B:256,ORIGINAL\PRIMARY\AXIAL:256,iDose (4):256
203,295,1,B:295,ORIGINAL\PRIMARY\AXIAL\HELIX:295,Unknown:295
205,223,1,B:223,ORIGINAL\PRIMARY\AXIAL:223,iDose (4):223
206,281,1,B:281,ORIGINAL\PRIMARY\AXIAL:281,iDose (4):281
207,74,1,C:74,ORIGINAL\PRIMARY\AXIAL:74,iDose (2):74
208,85,1,D:85,ORIGINAL\PRIMARY\AXIAL\HELIX:85,Unknown:85
209,67,1,A:67,ORIGINAL\PRIMARY\AXIAL:67,iDose (2):67
210,113,1,D:113,ORIGINAL\PRIMARY\AXIAL\HELIX:113,Unknown:113
211,66,1,A:66,ORIGINAL\PRIMARY\AXIAL:66,iDose (2):66
212,250,1,B:250,ORIGINAL\PRIMARY\AXIAL\HELIX:250,Unknown:250
213,79,1,A:79,ORIGINAL\PRIMARY\AXIAL:79,iDose (2):79
214,265,1,FC08:265,ORIGINAL\PRIMARY\AXIAL:265,Spine 1.0:265
215,58,1,C:58,ORIGINAL\PRIMARY\AXIAL:58,iDose (2):58
216,67,1,C:67,ORIGINAL\PRIMARY\AXIAL:67,iDose (2):67
217,68,1,C:68,ORIGINAL\PRIMARY\AXIAL:68,iDose (2):68
218,56,1,C:56,ORIGINAL\PRIMARY\AXIAL:56,iDose (2):56
219,284,1,B:284,ORIGINAL\PRIMARY\AXIAL:284,iDose (4):284
220,283,1,B:283,ORIGINAL\PRIMARY\AXIAL:283,iDose (4):283
221,224,1,B:224,ORIGINAL\PRIMARY\AXIAL:224,iDose (4):224
222,100,1,D:100,ORIGINAL\PRIMARY\AXIAL\HELIX:100,Unknown:100
223,97,1,D:97,ORIGINAL\PRIMARY\AXIAL\HELIX:97,Unknown:97
224,357,1,FC08:357,ORIGINAL\PRIMARY\AXIAL:357,Spine 1.0:357
225,100,1,D:100,ORIGINAL\PRIMARY\AXIAL\HELIX:100,Unknown:100
226,54,1,C:54,ORIGINAL\PRIMARY\AXIAL:54,iDose (2):54
227,98,1,D:98,ORIGINAL\PRIMARY\AXIAL\HELIX:98,Unknown:98
228,62,1,C:62,ORIGINAL\PRIMARY\AXIAL:62,iDose (2):62
229,228,1,B:228,ORIGINAL\PRIMARY\AXIAL:228,iDose (4):228
230,244,1,B:244,ORIGINAL\PRIMARY\AXIAL:244,iDose (4):244
231,225,1,B:225,ORIGINAL\PRIMARY\AXIAL:225,iDose (4):225
232,293,1,B:293,DERIVED\SECONDARY\MPR:25 | ORIGINAL\PRIMARY\AXIAL:268,Batch 2:5 | Batch 3:5 | Batch 4:5 | Batch 5:5 | Batch 6:5 | iDose (4):268
233,248,1,B:248,ORIGINAL\PRIMARY\AXIAL\HELIX:248,Unknown:248
234,248,1,B:248,ORIGINAL\PRIMARY\AXIAL:248,iDose (4):248
235,74,1,D:74,ORIGINAL\PRIMARY\AXIAL\HELIX:74,Unknown:74
236,307,1,FC08:307,ORIGINAL\PRIMARY\AXIAL:307,Spine 1.0:307
237,262,1,B:262,ORIGINAL\PRIMARY\AXIAL\HELIX:262,Unknown:262
238,240,1,B_SOFT_C:240,ORIGINAL\PRIMARY\AXIAL\HELICAL:240,1.0 x 1.0:240
239,241,1,B:241,ORIGINAL\PRIMARY\AXIAL\HELIX:241,Unknown:241
240,277,1,FC08:277,ORIGINAL\PRIMARY\AXIAL:277,Spine 1.0:277
241,311,1,FC08:311,ORIGINAL\PRIMARY\AXIAL:311,Spine 1.0:311
243,253,1,B:253,ORIGINAL\PRIMARY\AXIAL\HELIX:253,Unknown:253
244,280,1,FC08:280,ORIGINAL\PRIMARY\AXIAL:280,Spine 1.0:280
245,248,1,B:248,ORIGINAL\PRIMARY\AXIAL:248,iDose (4):248
246,320,1,"['Br40s', '2']:320",ORIGINAL\PRIMARY\AXIAL\CT_SOM5 SPI:320,Spine  1.0  Br40  2:320
247,244,1,B:244,ORIGINAL\PRIMARY\AXIAL:244,iDose (4):244
248,333,1,"['Br40s', '2']:333",ORIGINAL\PRIMARY\AXIAL\CT_SOM5 SPI:333,Spine  1.0  Br40  2:333
249,292,1,B:292,ORIGINAL\PRIMARY\AXIAL:292,iDose (4):292
250,168,1,B_SOFT_C:168,ORIGINAL\PRIMARY\AXIAL\HELICAL:168,1.0 x 1.0:168
251,295,1,B_SOFT_C:295,ORIGINAL\PRIMARY\AXIAL\HELICAL:295,1.0 x 1.0:295
252,298,1,B:298,ORIGINAL\PRIMARY\AXIAL\HELIX:298,Unknown:298
253,84,1,D:84,ORIGINAL\PRIMARY\AXIAL\HELIX:84,Unknown:84
254,264,1,B:264,ORIGINAL\PRIMARY\AXIAL:264,iDose (4):264
255,188,1,B:188,ORIGINAL\PRIMARY\AXIAL:188,iDose (4):188
256,376,1,FC08:376,ORIGINAL\PRIMARY\AXIAL:376,Spine 1.0:376
257,219,1,B:219,ORIGINAL\PRIMARY\AXIAL:219,iDose (4):219
258,244,1,B:244,ORIGINAL\PRIMARY\AXIAL:244,iDose (4):244
259,216,1,B:216,ORIGINAL\PRIMARY\AXIAL:216,iDose (4):216
260,291,1,B:291,ORIGINAL\PRIMARY\AXIAL\HELIX:291,Unknown:291
261,288,1,B:288,ORIGINAL\PRIMARY\AXIAL:288,iDose (4):288
262,275,1,B:275,DERIVED\SECONDARY\MPR:22 | ORIGINAL\PRIMARY\AXIAL\HELIX:253,Batch 1:4 | Batch 2:4 | Batch 3:3 | Batch 4:3 | Batch 5:4 | Batch 6:4 | Unknown:253
263,208,1,B:208,ORIGINAL\PRIMARY\AXIAL:208,iDose (4):208
264,262,1,B:262,ORIGINAL\PRIMARY\AXIAL\HELIX:262,Unknown:262
265,209,1,STANDARD:209,ORIGINAL\PRIMARY\AXIAL:209,1.25mm stan:209
266,267,1,B:267,ORIGINAL\PRIMARY\AXIAL:267,iDose (4):267
267,296,1,B:296,ORIGINAL\PRIMARY\AXIAL:296,iDose (4):296
268,310,2,B:248 | YB:62,ORIGINAL\PRIMARY\AXIAL:310,iDose (2):62 | iDose (4):248
269,266,1,B:266,ORIGINAL\PRIMARY\AXIAL:266,iDose (4):266
270,244,1,B:244,ORIGINAL\PRIMARY\AXIAL:244,iDose (4):244
271,298,1,B:298,ORIGINAL\PRIMARY\AXIAL\HELIX:298,Unknown:298
272,280,1,B:280,ORIGINAL\PRIMARY\AXIAL:280,iDose (4):280
273,382,1,FC08:382,ORIGINAL\PRIMARY\AXIAL:382,Spine 1.0:382
274,248,1,B:248,ORIGINAL\PRIMARY\AXIAL:248,iDose (4):248
275,220,1,B:220,ORIGINAL\PRIMARY\AXIAL:220,iDose (4):220
276,319,1,FC08:319,ORIGINAL\PRIMARY\AXIAL:319,Spine 1.0:319
277,162,1,B_SOFT_C:162,ORIGINAL\PRIMARY\AXIAL\HELICAL:162,1.0 x 1.0:162
278,280,1,B:280,ORIGINAL\PRIMARY\AXIAL:280,iDose (4):280
279,251,1,B_SOFT_C:251,ORIGINAL\PRIMARY\AXIAL\HELICAL:251,1.0 x 1.0:251
280,176,1,"['Br40s', '2']:176",ORIGINAL\PRIMARY\AXIAL\CT_SOM5 SPI:176,Spine  1.0  Br40  2:176
