patient_id,ct_slices,Osteoporosis,age,gender,bmd,t_value
1,116,2,68,Female,0.741,-3.1083
2,200,1,30,Female,0.94,-1.45
3,520,0,59,Female,1.019,-0.7917
4,124,2,58,Female,0.8,-2.6167
5,582,0,80,Male,1.187,0.6083
6,104,2,73,Female,0.593,-4.3417
7,472,0,55,Male,1.159,0.375
8,176,2,30,Female,0.749,-3.0417
9,122,0,83,Male,1.493,3.1583
10,472,1,64,Female,0.907,-1.725
11,142,0,62,Male,1.114,0.0
12,200,1,65,Female,0.956,-1.3167
13,116,1,69,Female,0.983,-1.0917
14,512,2,69,Female,0.718,-3.3
15,136,0,83,Female,1.116,0.0167
16,536,1,75,Male,0.861,-2.1083
17,132,1,53,Female,0.875,-1.9917
18,134,0,66,Female,1.242,1.0667
19,114,2,65,Female,0.764,-2.9167
20,122,0,30,Male,1.347,1.9417
21,106,1,61,Male,0.942,-1.4333
22,488,0,72,Male,1.28297303862035,1.4081
23,182,1,69,Female,0.932694268815011,-1.5109
24,192,0,67,Male,1.244,1.0833
25,200,1,62,Male,0.965,-1.2417
26,100,1,53,Female,0.874368686868687,-1.9969
27,126,2,72,Female,0.814,-2.5
28,108,0,64,Female,1.154,0.3333
29,150,0,50,Female,1.183,0.575
30,132,1,30,Female,0.945831733,-1.4014
31,130,2,86,Female,0.648,-3.8833
32,122,0,53,Male,1.503,3.2417
33,520,0,71,Female,1.03,-0.7
34,162,0,30,Female,1.096,-0.15
35,256,0,75,Male,1.161,0.3917
36,772,1,59,Female,0.892,-1.85
37,512,0,80,Male,1.069,-0.375
38,584,1,65,Female,0.815,-2.4917
39,432,2,70,Female,0.699,-3.4583
40,488,2,74,Female,0.765,-2.9083
41,494,1,64,Female,0.931,-1.525
42,158,0,86,Female,1.38,2.2167
43,122,0,62,Female,1.072,-0.35
44,200,0,66,Male,1.387,2.275
45,128,2,81,Female,0.653,-3.8417
46,488,1,83,Female,0.818,-2.4667
47,182,0,72,Female,1.632,4.3167
48,752,0,71,Male,1.033,-0.675
49,128,0,58,Female,1.057,-0.475
50,584,1,59,Female,0.909,-1.7083
51,122,2,70,Male,0.789,-2.7083
52,134,0,72,Female,1.042,-0.6
53,174,0,45,Female,1.113,-0.0083
54,122,0,50,Female,1.106,-0.0667
55,124,0,30,Female,1.043,-0.5917
56,540,2,30,Male,0.643,-3.925
57,150,1,67,Male,0.902,-1.7667
58,108,0,58,Female,1.305,1.5917
59,160,0,70,Female,1.08002701333784,-0.2831
60,502,1,56,Female,0.865,-2.075
61,532,0,48,Female,1.094,-0.1667
62,536,0,74,Male,1.256,1.1833
63,568,1,72,Female,0.985,-1.075
64,736,2,80,Female,0.748,-3.05
65,484,0,56,Female,1.066,-0.4
66,512,0,67,Male,1.419,2.5417
67,560,1,71,Female,0.883,-1.925
68,182,0,83,Female,1.09352355072464,-0.1706
69,132,2,81,Female,0.793,-2.675
70,124,2,73,Female,0.627,-4.0583
