patient_id,slice_count,raw_padding_value,padding_hu,padding_fraction,slices_with_padding_value_fraction,rescale_slope,rescale_intercept
1,58,0,-1024.0,0.0013513893916689116,1.0,1.0,-1024.0
2,100,0,-1024.0,0.02502361297607422,1.0,1.0,-1024.0
3,260,0,-1024.0,0.0010020182682917668,1.0,1.0,-1024.0
4,62,0,-1024.0,9.84438004032258e-05,0.5483870967741935,1.0,-1024.0
5,291,-2000,-3024.0,0.2127532958984375,1.0,1.0,-1024.0
6,52,0,-1024.0,1.437847430889423e-05,0.40384615384615385,1.0,-1024.0
7,236,0,-1024.0,0.0006149259664244571,0.8559322033898306,1.0,-1024.0
9,61,31,-993.0,1.5071181000256148e-05,0.06557377049180328,1.0,-1024.0
10,236,0,-1024.0,0.018315606198068393,0.9533898305084746,1.0,-1024.0
11,71,0,-1024.0,0.00021614826900858273,0.49295774647887325,1.0,-1024.0
12,100,0,-1024.0,0.0071964263916015625,1.0,1.0,-1024.0
13,58,0,-1024.0,0.0012839744830953665,1.0,1.0,-1024.0
14,256,0,-1024.0,0.0003981739282608032,1.0,1.0,-1024.0
15,68,0,-1024.0,0.024187480702119714,1.0,1.0,-1024.0
16,268,0,-1024.0,0.0006377376727203824,0.7723880597014925,1.0,-1024.0
17,66,0,-1024.0,8.380774295691287e-06,0.30303030303030304,1.0,-1024.0
18,67,0,-1024.0,3.296581666861008e-05,0.373134328358209,1.0,-1024.0
19,57,0,-1024.0,0.0009374785841557017,1.0,1.0,-1024.0
20,61,-2048,-2048.0,0.2145843505859375,1.0,1.0,0.0
21,53,0,-1024.0,6.074725456957547e-05,0.5094339622641509,1.0,-1024.0
22,244,0,-1024.0,0.00031035063696689295,0.8524590163934426,1.0,-1024.0
23,91,0,-1024.0,0.04043671325012878,1.0,1.0,-1024.0
25,100,0,-1024.0,0.01066997528076172,1.0,1.0,-1024.0
26,50,0,-1024.0,0.000268096923828125,0.8,1.0,-1024.0
27,63,0,-1024.0,0.0004443819560701885,1.0,1.0,-1024.0
28,54,-2048,-2048.0,0.2145843505859375,1.0,1.0,0.0
29,75,0,-1024.0,0.0005094401041666666,1.0,1.0,-1024.0
30,66,0,-1024.0,2.5200121330492426e-05,0.18181818181818182,1.0,-1024.0
31,65,0,-1024.0,5.457951472355769e-06,0.12307692307692308,1.0,-1024.0
32,61,-2048,-2048.0,0.2145843505859375,1.0,1.0,0.0
33,260,0,-1024.0,0.001166842533991887,1.0,1.0,-1024.0
34,81,0,-1024.0,0.0049462965977044755,1.0,1.0,-1024.0
35,128,33,-991.0,1.150369644165039e-05,0.1171875,1.0,-1024.0
36,386,-2000,-3024.0,0.2127532958984375,0.9740932642487047,1.0,-1024.0
37,256,0,-1024.0,4.3973326683044434e-05,0.46484375,1.0,-1024.0
38,292,0,-1024.0,0.0007439182229238014,0.9794520547945206,1.0,-1024.0
39,216,-2000,-3024.0,0.2127532958984375,1.0,1.0,-1024.0
40,244,0,-1024.0,9.810338254834785e-05,0.8237704918032787,1.0,-1024.0
41,247,0,-1024.0,0.001316224997825468,1.0,1.0,-1024.0
42,79,0,-1024.0,0.02003797700133505,1.0,1.0,-1024.0
43,61,-2048,-2048.0,0.2145843505859375,1.0,1.0,0.0
44,100,0,-1024.0,0.00487274169921875,1.0,1.0,-1024.0
45,64,0,-1024.0,0.0005394220352172852,0.296875,1.0,-1024.0
46,244,0,-1024.0,0.0012188270443775615,0.9918032786885246,1.0,-1024.0
48,376,-2048,-2048.0,0.2145843505859375,1.0,1.0,0.0
49,64,0,-1024.0,7.450580596923828e-05,0.390625,1.0,-1024.0
50,292,0,-1024.0,1.678728077509632e-05,0.3527397260273973,1.0,-1024.0
51,61,-2048,-2048.0,0.2145843505859375,1.0,1.0,0.0
52,67,0,-1024.0,6.621631223763992e-05,0.3880597014925373,1.0,-1024.0
53,87,0,-1024.0,0.0024296113814430676,0.9540229885057471,1.0,-1024.0
54,61,0,-1024.0,1.288242027407787e-05,0.3114754098360656,1.0,-1024.0
55,62,0,-1024.0,0.010632668772051412,1.0,1.0,-1024.0
56,270,1,-1023.0,4.162258572048611e-05,0.6481481481481481,1.0,-1024.0
57,75,0,-1024.0,0.005329691569010417,1.0,1.0,-1024.0
58,54,-2048,-2048.0,0.2145843505859375,0.8888888888888888,1.0,0.0
59,80,0,-1024.0,0.017583608627319336,1.0,1.0,-1024.0
60,251,-2000,-3024.0,0.2127532958984375,1.0,1.0,-1024.0
61,266,-2000,-3024.0,0.2127532958984375,1.0,1.0,-1024.0
62,268,0,-1024.0,1.6753353289703824e-05,0.20522388059701493,1.0,-1024.0
63,284,0,-1024.0,0.0025398361850792256,0.7640845070422535,1.0,-1024.0
64,368,0,-1024.0,0.00021552002948263416,0.6277173913043478,1.0,-1024.0
65,242,1,-1023.0,0.03605992340844525,1.0,1.0,-1024.0
66,256,0,-1024.0,0.00019222497940063477,0.8125,1.0,-1024.0
67,280,0,-1024.0,0.0006699562072753906,1.0,1.0,-1024.0
68,91,0,-1024.0,0.006895966582245879,1.0,1.0,-1024.0
69,66,0,-1024.0,2.5200121330492426e-05,0.22727272727272727,1.0,-1024.0
70,62,0,-1024.0,0.0001964569091796875,1.0,1.0,-1024.0
71,70,0,-1024.0,0.00026899065290178573,0.9571428571428572,1.0,-1024.0
72,52,0,-1024.0,0.00021494351900540866,0.8846153846153846,1.0,-1024.0
73,61,-2048,-2048.0,0.2145843505859375,1.0,1.0,0.0
74,54,-2048,-2048.0,0.2145843505859375,1.0,1.0,0.0
75,212,0,-1024.0,0.004669495348660451,1.0,1.0,-1024.0
76,130,0,-1024.0,0.022301512498121994,1.0,1.0,-1024.0
77,310,-2048,-2048.0,0.2145843505859375,1.0,1.0,0.0
78,66,0,-1024.0,1.8553300337357953e-05,0.3939393939393939,1.0,-1024.0
79,75,0,-1024.0,3.47900390625e-05,0.6,1.0,-1024.0
80,74,0,-1024.0,1.628978832347973e-05,0.22972972972972974,1.0,-1024.0
81,100,0,-1024.0,0.006852493286132812,1.0,1.0,-1024.0
82,60,0,-1024.0,4.119873046875e-05,0.5166666666666667,1.0,-1024.0
83,88,0,-1024.0,0.0018128481778231535,1.0,1.0,-1024.0
84,268,0,-1024.0,6.312754616808536e-05,0.9104477611940298,1.0,-1024.0
85,67,0,-1024.0,0.02190137265333489,1.0,1.0,-1024.0
86,61,-2048,-2048.0,0.2145843505859375,1.0,1.0,0.0
87,55,-2048,-2048.0,0.2145843505859375,1.0,1.0,0.0
88,61,-2048,-2048.0,0.2145843505859375,1.0,1.0,0.0
89,100,0,-1024.0,0.00804279327392578,1.0,1.0,-1024.0
90,241,1,-1023.0,0.0006874211101611126,1.0,1.0,-1024.0
91,59,-2048,-2048.0,0.2145843505859375,1.0,1.0,0.0
92,61,-2048,-2048.0,0.2145843505859375,1.0,1.0,0.0
93,88,0,-1024.0,0.0010843710465864701,1.0,1.0,-1024.0
94,264,0,-1024.0,0.00043337272875236744,0.9810606060606061,1.0,-1024.0
95,61,-2048,-2048.0,0.2145843505859375,0.9016393442622951,1.0,0.0
96,55,0,-1024.0,0.016371640292080967,1.0,1.0,-1024.0
97,277,1,-1023.0,2.8727286989508124e-05,0.17689530685920576,1.0,-1024.0
98,129,0,-1024.0,0.011808558027873667,1.0,1.0,-1024.0
99,61,0,-1024.0,8.992679783555329e-05,0.32786885245901637,1.0,-1024.0
100,100,0,-1024.0,0.003535308837890625,1.0,1.0,-1024.0
101,488,-2048,-2048.0,0.2145843505859375,1.0,1.0,0.0
102,256,0,-1024.0,2.0056962966918945e-05,0.3828125,1.0,-1024.0
103,55,25,-999.0,2.469149502840909e-05,0.09090909090909091,1.0,-1024.0
104,139,0,-1024.0,0.0004127831767788894,0.43884892086330934,1.0,-1024.0
105,245,1,-1023.0,0.02391492882553412,1.0,1.0,-1024.0
106,86,0,-1024.0,0.0009849903195403343,1.0,1.0,-1024.0
107,68,0,-1024.0,0.009304551517262179,1.0,1.0,-1024.0
108,245,0,-1024.0,0.0004134820432079082,0.5755102040816327,1.0,-1024.0
109,228,0,-1024.0,0.00011268414949115954,0.49122807017543857,1.0,-1024.0
110,376,-2048,-2048.0,0.2145843505859375,1.0,1.0,0.0
111,313,-2048,-2048.0,0.2145843505859375,1.0,1.0,0.0
112,290,1,-1023.0,0.00022164706526131466,0.7344827586206897,1.0,-1024.0
113,268,0,-1024.0,0.00019604412477407883,0.5746268656716418,1.0,-1024.0
114,344,-2048,-2048.0,0.2145843505859375,1.0,1.0,0.0
115,200,1,-1023.0,0.0002911376953125,0.425,1.0,-1024.0
116,66,-2048,-2048.0,0.2145843505859375,1.0,1.0,0.0
117,224,0,-1024.0,0.00013818059648786272,0.96875,1.0,-1024.0
118,259,0,-1024.0,0.000664184452484013,0.9227799227799228,1.0,-1024.0
119,57,0,-1024.0,0.00041687279416803726,0.9473684210526315,1.0,-1024.0
120,99,0,-1024.0,0.0024864119712752525,1.0,1.0,-1024.0
121,63,0,-1024.0,3.6935957651289683e-06,0.1111111111111111,1.0,-1024.0
122,58,0,-1024.0,0.00048525580044450433,0.9827586206896551,1.0,-1024.0
123,63,0,-1024.0,6.557646251860119e-05,0.3333333333333333,1.0,-1024.0
124,55,-2048,-2048.0,0.2145843505859375,1.0,1.0,0.0
125,99,0,-1024.0,0.002167248966717961,0.8686868686868687,1.0,-1024.0
126,85,0,-1024.0,0.004617758358226103,1.0,1.0,-1024.0
127,252,0,-1024.0,0.0002703136867947049,0.996031746031746,1.0,-1024.0
128,62,0,-1024.0,2.541080597908266e-05,0.43548387096774194,1.0,-1024.0
129,61,0,-1024.0,4.877809618340164e-05,0.4918032786885246,1.0,-1024.0
130,61,-2048,-2048.0,0.2145843505859375,1.0,1.0,0.0
131,61,-2048,-2048.0,0.2145843505859375,1.0,1.0,0.0
132,56,0,-1024.0,0.00014257431030273438,0.7142857142857143,1.0,-1024.0
133,61,-2048,-2048.0,0.2145843505859375,1.0,1.0,0.0
134,300,0,-1024.0,0.0004183832804361979,0.78,1.0,-1024.0
135,186,1,-1023.0,0.00022869725381174396,0.46236559139784944,1.0,-1024.0
136,264,0,-1024.0,0.0010291012850674715,1.0,1.0,-1024.0
137,298,0,-1024.0,0.0005734206846096372,0.8959731543624161,1.0,-1024.0
138,263,0,-1024.0,0.001818421222411181,0.21292775665399238,1.0,-1024.0
139,256,0,-1024.0,0.00023512542247772217,0.6953125,1.0,-1024.0
141,284,0,-1024.0,0.0017997580514827244,1.0,1.0,-1024.0
142,73,0,-1024.0,0.0003146863963505993,0.4794520547945205,1.0,-1024.0
143,57,0,-1024.0,3.480074698464912e-06,0.17543859649122806,1.0,-1024.0
144,61,-2048,-2048.0,0.2145843505859375,1.0,1.0,0.0
145,100,0,-1024.0,0.010615501403808594,1.0,1.0,-1024.0
146,94,-2000,-3024.0,0.2127532958984375,1.0,1.0,-1024.0
147,376,-2048,-2048.0,0.2145843505859375,1.0,1.0,0.0
148,86,0,-1024.0,0.015213367550872093,1.0,1.0,-1024.0
149,61,-2048,-2048.0,0.2145843505859375,1.0,1.0,0.0
150,304,0,-1024.0,0.0006843240637528268,1.0,1.0,-1024.0
151,62,0,-1024.0,0.00011204135033392137,0.5,1.0,-1024.0
152,252,0,-1024.0,5.0060332767547125e-05,0.503968253968254,1.0,-1024.0
153,274,0,-1024.0,0.00020933499301437045,0.8832116788321168,1.0,-1024.0
154,66,0,-1024.0,4.456259987571023e-05,0.3333333333333333,1.0,-1024.0
155,376,-2048,-2048.0,0.2145843505859375,1.0,1.0,0.0
156,83,0,-1024.0,0.010630688035344503,1.0,1.0,-1024.0
157,61,0,-1024.0,0.008451305451940318,1.0,1.0,-1024.0
158,77,0,-1024.0,0.00021119551225142047,0.7792207792207793,1.0,-1024.0
159,376,-2048,-2048.0,0.2145843505859375,0.9813829787234043,1.0,0.0
160,252,0,-1024.0,3.310612269810268e-05,0.3134920634920635,1.0,-1024.0
161,332,-2048,-2048.0,0.2145843505859375,0.9819277108433735,1.0,0.0
162,260,0,-1024.0,0.0019637768085186296,1.0,1.0,-1024.0
163,67,0,-1024.0,0.0001722876705340485,0.9850746268656716,1.0,-1024.0
164,252,0,-1024.0,0.000816511729406932,1.0,1.0,-1024.0
165,77,0,-1024.0,7.029942103794642e-05,0.2077922077922078,1.0,-1024.0
166,61,0,-1024.0,4.20867419633709e-05,0.3442622950819672,1.0,-1024.0
167,61,-2048,-2048.0,0.2145843505859375,1.0,1.0,0.0
168,132,-2048,-2048.0,0.2145843505859375,1.0,1.0,0.0
169,82,0,-1024.0,0.0042261728426305255,1.0,1.0,-1024.0
170,322,0,-1024.0,5.8073434770477484e-05,0.4192546583850932,1.0,-1024.0
171,246,-2000,-3024.0,0.2127532958984375,1.0,1.0,-1024.0
173,73,0,-1024.0,0.0008499981605843322,1.0,1.0,-1024.0
174,248,0,-1024.0,0.0008387565612792969,1.0,1.0,-1024.0
175,285,-2048,-2048.0,0.23357009887695312,0.9929824561403509,1.0,0.0
176,256,0,-1024.0,0.00023955106735229492,0.59375,1.0,-1024.0
177,65,18,-1006.0,6.9251427283653846e-06,0.09230769230769231,1.0,-1024.0
178,60,30,-994.0,8.328755696614583e-06,0.1,1.0,-1024.0
179,84,0,-1024.0,0.0025970368158249628,1.0,1.0,-1024.0
180,150,0,-1024.0,0.016657638549804687,1.0,1.0,-1024.0
181,252,1,-1023.0,4.253690204923115e-06,0.1388888888888889,1.0,-1024.0
182,93,0,-1024.0,0.0012637722876764114,1.0,1.0,-1024.0
183,67,0,-1024.0,0.03143247917516908,1.0,1.0,-1024.0
184,363,-2048,-2048.0,0.2145843505859375,1.0,1.0,0.0
185,304,0,-1024.0,0.00024885880319695726,0.8519736842105263,1.0,-1024.0
186,376,-2048,-2048.0,0.2145843505859375,1.0,1.0,0.0
187,193,-2000,-3024.0,0.2127532958984375,1.0,1.0,-1024.0
188,255,1,-1023.0,0.00014830944584865195,0.5294117647058824,1.0,-1024.0
189,224,0,-1024.0,9.366444178989955e-06,0.16517857142857142,1.0,-1024.0
190,52,-2048,-2048.0,0.2145843505859375,1.0,1.0,0.0
191,248,0,-1024.0,0.0005884016713788433,1.0,1.0,-1024.0
193,56,0,-1024.0,0.000808647700718471,0.7321428571428571,1.0,-1024.0
194,240,0,-1024.0,0.010564772288004558,1.0,1.0,-1024.0
195,256,0,-1024.0,0.004615172743797302,1.0,1.0,-1024.0
196,255,0,-1024.0,0.00045725504557291664,0.996078431372549,1.0,-1024.0
197,58,0,-1024.0,0.00014061763368803878,0.6896551724137931,1.0,-1024.0
198,240,0,-1024.0,0.0008989969889322916,1.0,1.0,-1024.0
199,63,0,-1024.0,0.0001598539806547619,0.7777777777777778,1.0,-1024.0
200,100,0,-1024.0,0.017407264709472656,1.0,1.0,-1024.0
201,338,-2048,-2048.0,0.2145843505859375,1.0,1.0,0.0
202,256,0,-1024.0,0.0002463310956954956,0.96875,1.0,-1024.0
203,295,0,-1024.0,0.003581431760626324,1.0,1.0,-1024.0
205,223,0,-1024.0,0.0008042510849477998,1.0,1.0,-1024.0
206,281,0,-1024.0,0.0006855187466984541,1.0,1.0,-1024.0
207,74,0,-1024.0,0.0013751468142947636,1.0,1.0,-1024.0
208,85,0,-1024.0,0.0019777634564568016,1.0,1.0,-1024.0
209,67,0,-1024.0,0.0015794554753090018,0.9552238805970149,1.0,-1024.0
210,113,0,-1024.0,0.033423938582428786,1.0,1.0,-1024.0
211,66,0,-1024.0,0.0018748081091678505,0.8939393939393939,1.0,-1024.0
212,250,0,-1024.0,1.19781494140625e-05,0.132,1.0,-1024.0
213,79,0,-1024.0,0.00014906291720233385,0.21518987341772153,1.0,-1024.0
214,265,-2048,-2048.0,0.2145843505859375,1.0,1.0,0.0
215,58,0,-1024.0,0.0009534770044787176,1.0,1.0,-1024.0
216,67,0,-1024.0,0.0006660347554221082,1.0,1.0,-1024.0
217,68,0,-1024.0,0.00018753724939682905,0.6470588235294118,1.0,-1024.0
218,56,0,-1024.0,2.2138868059430805e-05,0.2857142857142857,1.0,-1024.0
219,284,0,-1024.0,0.0014969866040726782,1.0,1.0,-1024.0
220,283,0,-1024.0,2.0367517909397084e-05,0.30742049469964666,1.0,-1024.0
221,224,0,-1024.0,0.0004213707787649972,0.9955357142857143,1.0,-1024.0
222,100,0,-1024.0,0.023317794799804687,1.0,1.0,-1024.0
223,97,0,-1024.0,0.040514955815580705,1.0,1.0,-1024.0
224,357,-2048,-2048.0,0.2145843505859375,1.0,1.0,0.0
225,100,0,-1024.0,0.0109478759765625,1.0,1.0,-1024.0
226,54,0,-1024.0,7.841322157118056e-05,0.42592592592592593,1.0,-1024.0
227,98,0,-1024.0,0.013327150928730868,1.0,1.0,-1024.0
228,62,0,-1024.0,0.00019418039629536291,0.967741935483871,1.0,-1024.0
229,228,0,-1024.0,0.0001628608034368147,0.8245614035087719,1.0,-1024.0
230,244,0,-1024.0,1.3398342445248463e-05,0.18442622950819673,1.0,-1024.0
231,225,0,-1024.0,0.00036114162868923613,0.7111111111111111,1.0,-1024.0
232,293,0,-1024.0,0.00799793594933207,0.8122866894197952,1.0,-1024.0
233,248,0,-1024.0,0.004997053453999181,1.0,1.0,-1024.0
234,248,0,-1024.0,0.0006834153206117692,0.9919354838709677,1.0,-1024.0
235,74,0,-1024.0,0.009493080345360009,1.0,1.0,-1024.0
236,307,-2048,-2048.0,0.2145843505859375,1.0,1.0,0.0
237,262,0,-1024.0,7.451763589873569e-05,0.5687022900763359,1.0,-1024.0
238,240,15,-1009.0,3.862380981445312e-06,0.04583333333333333,1.0,-1024.0
239,241,0,-1024.0,9.620634846667531e-05,0.6514522821576764,1.0,-1024.0
240,277,-2048,-2048.0,0.2145843505859375,1.0,1.0,0.0
241,311,-2048,-2048.0,0.2145843505859375,1.0,1.0,0.0
243,253,0,-1024.0,6.290481024580039e-05,0.6758893280632411,1.0,-1024.0
244,280,-2048,-2048.0,0.2145843505859375,1.0,1.0,0.0
245,248,0,-1024.0,0.0003488294539913054,0.9879032258064516,1.0,-1024.0
246,320,0,-1024.0,0.00015050172805786133,0.684375,1.0,-1024.0
247,244,0,-1024.0,0.0001220703125,0.6557377049180327,1.0,-1024.0
248,333,0,-1024.0,0.002588186178121481,1.0,1.0,-1024.0
249,292,0,-1024.0,0.0002818172925139127,1.0,1.0,-1024.0
250,168,1,-1023.0,0.00010955901373000372,0.47619047619047616,1.0,-1024.0
251,295,1,-1023.0,0.00030889996027542375,0.7762711864406779,1.0,-1024.0
252,298,0,-1024.0,0.0025445822901373743,1.0,1.0,-1024.0
253,84,0,-1024.0,0.00121307373046875,0.9404761904761905,1.0,-1024.0
254,264,0,-1024.0,0.00032153274073745263,0.8371212121212122,1.0,-1024.0
255,188,0,-1024.0,0.0005262456041701297,0.925531914893617,1.0,-1024.0
256,376,-2048,-2048.0,0.2145843505859375,1.0,1.0,0.0
257,219,0,-1024.0,0.0003806510472406535,0.958904109589041,1.0,-1024.0
258,244,0,-1024.0,0.0005566331206775103,1.0,1.0,-1024.0
259,216,0,-1024.0,0.00026528040568033856,0.7685185185185185,1.0,-1024.0
260,291,0,-1024.0,0.00181607118586904,1.0,1.0,-1024.0
261,288,0,-1024.0,0.0006279548009236654,0.6909722222222222,1.0,-1024.0
262,275,0,-1024.0,0.00465241865678267,0.19636363636363635,1.0,-1024.0
263,208,0,-1024.0,0.0004268609560452975,0.9711538461538461,1.0,-1024.0
264,262,0,-1024.0,0.004090709540680164,1.0,1.0,-1024.0
265,209,-2000,-3024.0,0.2127532958984375,1.0,1.0,-1024.0
266,267,0,-1024.0,2.303105615051498e-05,0.2247191011235955,1.0,-1024.0
267,296,0,-1024.0,0.00024318695068359375,0.9831081081081081,1.0,-1024.0
268,310,0,-1024.0,0.0015943096530052923,0.896774193548387,1.0,-1024.0
269,266,0,-1024.0,0.00019463560634985902,0.39849624060150374,1.0,-1024.0
270,244,0,-1024.0,8.614336858030225e-06,0.4262295081967213,1.0,-1024.0
271,298,0,-1024.0,5.513389638606334e-05,0.35570469798657717,1.0,-1024.0
272,280,0,-1024.0,2.6185171944754463e-05,0.42857142857142855,1.0,-1024.0
273,382,-2048,-2048.0,0.2145843505859375,1.0,1.0,0.0
274,248,0,-1024.0,0.0017170136974703882,0.6935483870967742,1.0,-1024.0
275,220,0,-1024.0,0.00019229542125355113,0.9681818181818181,1.0,-1024.0
276,319,-2048,-2048.0,0.2145843505859375,1.0,1.0,0.0
277,162,1,-1023.0,4.6058937355324075e-05,0.3765432098765432,1.0,-1024.0
278,280,0,-1024.0,0.0005579539707728794,0.9821428571428571,1.0,-1024.0
279,251,1,-1023.0,0.0001983794558095742,0.44223107569721115,1.0,-1024.0
280,176,0,-1024.0,0.00043162432583895594,0.9943181818181818,1.0,-1024.0
