patient_id,selected_kernel,selected_thickness,selected_row_spacing,selected_col_spacing,selected_slices,selected_unique_z,selected_z_min,selected_z_max,candidate_count
1,C,4.0,0.390625,0.390625,58,58,-1043.7,-815.7,1
2,D,3.0,0.488281,0.488281,100,100,-1484.5,-1187.5,1
3,B,1.0,0.455078,0.455078,260,260,-1538.6,-1279.6,1
4,C,4.0,0.390625,0.390625,62,62,-1092.56,-848.56,1
5,STANDARD,1.25,0.470703,0.470703,291,291,-311.75,-21.75,1
6,C,4.0,0.390625,0.390625,52,52,-855.32,-651.32,1
7,B,1.0,0.390625,0.390625,236,236,-1358.62,-1123.62,1
9,C,4.0,0.40625,0.40625,61,61,-524.58,-284.58,1
10,A,2.0,0.458984,0.458984,118,118,-1269.77,-1035.77,2
11,C,4.0,0.369141,0.369141,71,71,-684.45,-404.45,1
12,D,3.0,0.488281,0.488281,100,100,-1117.0,-820.0,1
13,C,4.0,0.390625,0.390625,58,58,-1423.82,-1195.82,1
14,B,1.0,0.496094,0.496094,256,256,-1505.11,-1250.11,1
15,B80s,4.0,0.433594,0.433594,67,67,-1359.0,-1095.0,1
16,B,1.0,0.390625,0.390625,268,268,-1225.14,-958.14,1
17,C,4.0,0.390625,0.390625,66,66,-696.23,-436.23,1
18,C,4.0,0.390625,0.390625,67,67,-1127.76,-863.76,1
19,C,4.0,0.390625,0.390625,57,57,-1494.37,-1270.37,1
20,FC08,5.0,0.488,0.488,61,61,-1224.0,-924.0,1
21,C,4.0,0.390625,0.390625,53,53,-1084.34,-876.34,1
22,B,1.0,0.4375,0.4375,244,244,-1092.67,-849.67,1
23,D,3.0,0.488281,0.488281,91,91,-596.5,-326.5,1
25,D,3.0,0.488281,0.488281,100,100,-507.0,-210.0,1
26,C,4.0,0.390625,0.390625,50,50,-993.6,-797.6,1
27,C,4.0,0.390625,0.390625,63,63,-908.46,-660.46,1
28,FC08,5.0,0.488,0.488,54,54,858.0,1123.0,1
29,A,4.0,0.390625,0.390625,75,75,-1534.95,-1238.95,1
30,A,4.0,0.390625,0.390625,66,66,-1045.67,-785.67,1
31,A,4.0,0.390625,0.390625,65,65,-631.69,-375.69,1
32,FC08,5.0,0.488,0.488,61,61,-1727.0,-1427.0,1
33,B,1.0,0.451172,0.451172,260,260,-1516.96,-1257.96,1
34,D,3.0,0.488281,0.488281,81,81,-1010.5,-770.5,1
35,A,2.0,0.390625,0.390625,128,128,-1143.68,-889.68,1
36,STANDARD,1.25,0.677734,0.677734,386,386,-397.25,-12.25,1
37,B,1.0,0.390625,0.390625,256,256,-1041.67,-786.67,1
38,B,1.0,0.390625,0.390625,292,292,-845.43,-554.43,1
39,STANDARD,1.25,0.326172,0.326172,216,216,-207.0,8.0,1
40,B,1.0,0.390625,0.390625,244,244,-1080.04,-837.04,1
41,B,1.0,0.449219,0.449219,247,247,-1315.39,-1069.39,1
42,D,3.0,0.488281,0.488281,79,79,-610.0,-376.0,1
43,FC08,5.0,0.488,0.488,61,61,-949.5,-649.5,1
44,D,3.0,0.390625,0.390625,100,100,-160.0,137.0,1
45,A,4.0,0.390625,0.390625,64,64,-1071.52,-819.52,1
46,B,1.0,0.40625,0.40625,244,244,-1259.68,-1016.68,1
48,FC08,1.0,0.488,0.488,376,376,-1145.5,-845.5,1
49,A,4.0,0.414062,0.414062,64,64,-1461.45,-1209.45,1
50,B,1.0,0.390625,0.390625,292,292,-1006.05,-715.05,1
51,FC08,5.0,0.488,0.488,61,61,-1586.5,-1286.5,1
52,C,4.0,0.390625,0.390625,67,67,-1463.78,-1199.78,1
53,D,3.0,0.314453,0.314453,87,87,-250.5,7.5,1
54,C,4.0,0.390625,0.390625,61,61,-979.66,-739.66,1
55,B80s,4.0,0.302734,0.302734,62,62,-782.0,-538.0,1
56,B_SOFT_C,1.0,0.396484,0.396484,270,270,-547.692,-278.692,1
57,D,3.0,0.488281,0.488281,75,75,-966.0,-744.0,1
58,FC35,5.0,0.405,0.405,54,54,-1528.0,-1263.0,1
59,D,3.0,0.462891,0.462891,80,80,-1032.5,-795.5,1
60,STANDARD,1.25,0.34375,0.34375,251,251,-388.75,-138.75,1
61,STANDARD,1.25,0.408203,0.408203,266,266,-304.5,-39.5,1
62,B,1.0,0.390625,0.390625,268,268,-984.83,-717.83,1
63,B,1.0,0.390625,0.390625,244,244,-1174.68,-931.68,1
64,"['Br40s', '2']",1.0,0.351562,0.351562,368,368,-1342.4,-1085.5,1
65,B_VSHARP_B,1.0,0.369141,0.369141,242,242,-1108.101,-867.101,1
66,B,1.0,0.455078,0.455078,256,256,-1022.53,-767.53,1
67,B,1.0,0.390625,0.390625,280,280,-1445.35,-1166.35,1
68,D,3.0,0.488281,0.488281,91,91,-1068.0,-798.0,1
69,C,4.0,0.390625,0.390625,66,66,-523.75,-263.75,1
70,C,4.0,0.357422,0.357422,62,62,-231.92,12.08,1
71,A,4.0,0.390625,0.390625,70,70,-1509.92,-1233.92,1
72,A,4.0,0.390625,0.390625,52,52,-1289.38,-1085.38,1
73,FC08,5.0,0.488,0.488,61,61,-620.0,-320.0,1
74,FC08,5.0,0.488,0.488,54,54,-1533.5,-1268.5,1
75,B,1.0,0.554688,0.554688,212,212,-614.43,-363.43,1
76,D,3.0,0.488281,0.488281,100,100,-1049.5,-752.5,1
77,FC08,1.0,0.488,0.488,310,310,-1488.8,-1204.0,1
78,C,4.0,0.390625,0.390625,66,66,-970.05,-710.05,1
79,C,4.0,0.453125,0.453125,75,75,-1023.17,-727.17,1
80,C,4.0,0.390625,0.390625,74,74,-983.29,-691.29,1
81,D,3.0,0.488281,0.488281,100,100,-1024.0,-727.0,1
82,C,4.0,0.390625,0.390625,60,60,-1075.97,-839.97,1
83,D,3.0,0.357422,0.357422,88,88,-1187.0,-926.0,1
84,B,1.0,0.390625,0.390625,268,268,-1448.52,-1181.52,1
85,YB,4.0,0.390625,0.390625,67,67,-1474.93,-1210.93,1
86,FC08,5.0,0.488,0.488,61,61,-1580.0,-1280.0,1
87,FC08,5.0,0.488,0.488,55,55,-1571.5,-1301.5,1
88,FC08,5.0,0.488,0.488,61,61,-557.0,-257.0,1
89,D,3.0,0.488281,0.488281,100,100,-1155.0,-858.0,1
90,B_SOFT_C,1.0,0.625,0.625,241,241,-490.675,-250.675,1
91,FC08,5.0,0.459,0.459,59,59,-250.5,39.5,1
92,FC08,5.0,0.454,0.454,61,61,-1295.5,-995.5,1
93,D,3.0,0.353516,0.353516,88,88,-1097.5,-836.5,1
94,B,1.0,0.390625,0.390625,264,264,-1487.01,-1224.01,1
95,FC35,5.0,0.488,0.488,61,61,-991.5,-691.5,1
96,B80s,4.0,0.398438,0.398438,55,55,-781.0,-565.0,1
97,B_SOFT_C,1.0,0.333984,0.333984,277,277,-896.438,-620.438,1
98,YB,2.0,0.390625,0.390625,129,129,-1066.66,-810.66,1
99,C,4.0,0.390625,0.390625,61,61,-957.85,-717.85,1
100,D,3.0,0.488281,0.488281,100,100,-106.5,190.5,1
101,FC08,1.0,0.488,0.488,488,488,-484.6,-95.0,1
102,B,1.0,0.449219,0.449219,256,256,-291.85,-36.85,1
103,A,4.0,0.390625,0.390625,55,55,-1100.1,-884.1,1
104,A,2.0,0.390625,0.390625,139,139,-942.35,-666.35,1
105,B_VSHARP_B,1.0,0.408203,0.408203,245,245,-1215.404,-971.404,1
106,D,3.0,0.416016,0.416016,86,86,-1121.0,-866.0,1
107,B80s,4.0,0.396484,0.396484,68,68,-659.0,-391.0,1
108,B,1.0,0.416016,0.416016,245,245,-1039.0,-779.0,1
109,B,1.0,0.390625,0.390625,228,228,-560.3,-333.3,1
110,FC08,1.0,0.405,0.405,376,376,-1200.0,-900.0,1
111,FC08,1.0,0.376,0.376,313,313,-1445.6,-1196.0,1
112,B_SOFT_C,1.0,0.408203,0.408203,290,290,-1190.65,-901.65,1
113,B,1.0,0.390625,0.390625,268,268,-1031.21,-764.21,1
114,FC08,1.0,0.385,0.385,344,344,-460.4,-186.0,1
115,B_SOFT_C,1.0,0.292969,0.292969,200,200,-1249.699,-1050.699,1
116,FC35,5.0,0.482,0.482,66,66,-1576.5,-1251.5,1
117,B,1.0,0.425781,0.425781,224,224,-943.85,-720.85,1
118,B41s,1.0,0.380859,0.380859,259,259,-796.5,-538.5,1
119,A,4.0,0.390625,0.390625,57,57,-1552.68,-1328.68,1
120,D,3.0,0.384766,0.384766,99,99,-1136.5,-842.5,1
121,C,4.0,0.390625,0.390625,63,63,269.81,517.81,1
122,C,4.0,0.390625,0.390625,58,58,-1477.65,-1249.65,1
123,C,4.0,0.390625,0.390625,63,63,-442.5,-194.5,1
124,FC08,5.0,0.488,0.488,55,55,-1417.0,-1147.0,1
125,D,3.0,0.34375,0.34375,99,99,-1141.0,-847.0,1
126,D,3.0,0.412109,0.412109,85,85,377.5,629.5,1
127,B,1.0,0.390625,0.390625,252,252,-207.58,43.42,1
128,C,4.0,0.390625,0.390625,62,62,-1039.2,-795.2,1
129,C,4.0,0.390625,0.390625,61,61,-1130.46,-890.46,1
130,FC08,5.0,0.488,0.488,61,61,-1394.0,-1094.0,1
131,FC08,5.0,0.439,0.439,61,61,-1163.5,-863.5,1
132,C,4.0,0.390625,0.390625,56,56,-1339.57,-1119.57,1
133,FC08,5.0,0.488,0.488,61,61,-1518.0,-1218.0,1
134,"['Br40s', '2']",1.0,0.296875,0.296875,300,300,-1411.0,-1120.5,1
135,B_SOFT_C,1.0,0.40625,0.40625,186,186,-1220.684,-896.684,1
136,B,1.0,0.431641,0.431641,264,264,-1670.6,-1407.6,1
137,B,1.0,0.443359,0.443359,298,298,-1145.0,-848.0,1
138,B,1.0,0.378906,0.378906,238,238,-1117.5,-880.5,1
139,B,1.0,0.390625,0.390625,256,256,-1181.06,-926.06,1
141,B,1.0,0.560547,0.560547,284,284,-1426.45,-1143.45,1
142,C,4.0,0.390625,0.390625,73,73,-1238.88,-950.88,1
143,C,4.0,0.390625,0.390625,57,57,-978.49,-754.49,1
144,FC08,5.0,0.488,0.488,61,61,-718.0,-418.0,1
145,D,3.0,0.488281,0.488281,100,100,-1108.5,-811.5,1
146,BONEPLUS,5.0,0.376953,0.376953,94,47,-304.0,-74.0,1
147,FC08,1.0,0.488,0.488,376,376,-1227.5,-927.5,1
148,D,3.0,0.380859,0.380859,86,86,-1525.5,-1270.5,1
149,FC08,5.0,0.488,0.488,61,61,-1190.5,-890.5,1
150,B,1.0,0.390625,0.390625,304,304,-1434.79,-1131.79,1
151,C,4.0,0.390625,0.390625,62,62,23.96,267.96,1
152,B,1.0,0.390625,0.390625,252,252,-1037.15,-786.15,1
153,B,1.0,0.488281,0.488281,274,274,-1280.5,-1007.5,1
154,C,4.0,0.390625,0.390625,66,66,-979.18,-719.18,1
155,FC08,1.0,0.488,0.488,376,376,-1017.5,-717.5,1
156,D,3.0,0.488281,0.488281,83,83,-617.5,-371.5,1
157,B80s,4.0,0.416016,0.416016,61,61,-1045.0,-805.0,1
158,A,4.0,0.390625,0.390625,77,77,-1424.98,-1120.98,1
159,FC08,1.0,0.488,0.488,376,376,-1200.0,-900.0,1
160,B,1.0,0.320312,0.320312,252,252,-1485.77,-1234.77,1
161,FC08,1.0,0.488,0.488,332,332,-1165.3,-900.5,1
162,B,1.0,0.509766,0.509766,260,260,-1522.4,-1263.4,1
163,C,4.0,0.390625,0.390625,67,67,-682.67,-418.67,1
164,B,1.0,0.455078,0.455078,252,252,-1486.85,-1235.85,1
165,A,4.0,0.390625,0.390625,77,77,-1070.25,-766.25,1
166,C,4.0,0.390625,0.390625,61,61,-977.8,-737.8,1
167,FC08,5.0,0.488,0.488,61,61,-1208.0,-908.0,1
168,FC08,5.0,0.512,0.512,66,66,543.5,868.5,2
169,D,3.0,0.390625,0.390625,82,82,-1062.5,-819.5,1
170,"['Br40s', '2']",1.0,0.375,0.375,322,322,-1470.6,-1206.0,1
171,STANDARD,1.25,0.587891,0.587891,246,246,-306.25,-61.25,1
173,C,4.0,0.390625,0.390625,73,73,-1434.04,-1146.04,1
174,B,1.0,0.433594,0.433594,248,248,-1545.83,-1298.83,1
175,FC08,1.0,0.427,0.427,285,285,-1233.5,-949.5,1
176,B,1.0,0.390625,0.390625,256,256,-991.56,-736.56,1
177,A,4.0,0.390625,0.390625,65,65,-1393.51,-1137.51,1
178,A,4.0,0.328125,0.328125,60,60,-998.44,-762.44,1
179,D,3.0,0.392578,0.392578,84,84,-1082.5,-833.5,1
180,YB,2.0,0.390625,0.390625,150,150,-1340.16,-1042.16,1
181,B_SOFT_C,1.0,0.396484,0.396484,252,252,-1116.335,-865.335,1
182,D,3.0,0.488281,0.488281,93,93,-1078.5,-802.5,1
183,B80s,4.0,0.529297,0.529297,67,67,-393.0,-129.0,1
184,FC08,1.0,0.41,0.41,363,363,415.9,705.5,1
185,B,1.0,0.390625,0.390625,304,304,-1344.95,-1041.95,1
186,FC08,1.0,0.488,0.488,376,376,-1500.5,-1200.5,1
187,STANDARD,1.25,0.416016,0.416016,193,193,-236.52,3.48,1
188,B_SOFT_C,1.0,0.40625,0.40625,255,255,-607.575,-353.575,1
189,B,1.0,0.390625,0.390625,224,224,-1053.94,-830.94,1
190,FC08,5.0,0.488,0.488,52,52,-1206.0,-951.0,1
191,B,1.0,0.455078,0.455078,248,248,-1396.07,-1149.07,1
193,C,4.0,0.390625,0.390625,56,56,-1418.19,-1198.19,1
194,B,1.0,0.611328,0.611328,240,240,-1460.66,-1221.66,1
195,B,1.0,0.488281,0.488281,256,256,-1547.5,-1292.5,1
196,B,1.0,0.390625,0.390625,255,255,-1528.58,-1177.58,1
197,C,4.0,0.390625,0.390625,58,58,-1009.08,-781.08,1
198,B,1.0,0.541016,0.541016,240,240,-1504.09,-1265.09,1
199,C,4.0,0.390625,0.390625,63,63,-1280.85,-1032.85,1
200,D,3.0,0.414062,0.414062,100,100,-581.5,-284.5,1
201,FC08,1.0,0.488,0.488,338,338,-1188.6,-919.0,1
202,B,1.0,0.390625,0.390625,256,256,-1447.66,-1192.66,1
203,B,1.0,0.488281,0.488281,295,295,-1463.5,-1133.5,1
205,B,1.0,0.414062,0.414062,223,223,-1481.43,-1235.43,1
206,B,1.0,0.464844,0.464844,281,281,-1260.43,-970.43,1
207,C,4.0,0.390625,0.390625,74,74,-929.01,-637.01,1
208,D,3.0,0.488281,0.488281,85,85,-1160.0,-908.0,1
209,A,4.0,0.390625,0.390625,67,67,-1567.58,-1303.58,1
210,D,3.0,0.488281,0.488281,113,113,-1079.5,-743.5,1
211,A,4.0,0.390625,0.390625,66,66,-1539.01,-1279.01,1
212,B,1.0,0.357422,0.357422,250,250,-1078.5,-829.5,1
213,A,4.0,0.390625,0.390625,79,79,-428.21,-116.21,1
214,FC08,1.0,0.488,0.488,265,265,-1195.9,-921.5,1
215,C,4.0,0.390625,0.390625,58,58,-1383.02,-1155.02,1
216,C,4.0,0.390625,0.390625,67,67,-1488.45,-1224.45,1
217,C,4.0,0.390625,0.390625,68,68,-1678.01,-1410.01,1
218,C,4.0,0.390625,0.390625,56,56,-779.48,-559.48,1
219,B,1.0,0.505859,0.505859,284,284,-1519.79,-1236.79,1
220,B,1.0,0.390625,0.390625,283,283,-1474.73,-1183.73,1
221,B,1.0,0.390625,0.390625,224,224,-1427.61,-1204.61,1
222,D,3.0,0.558594,0.558594,100,100,-489.5,-192.5,1
223,D,3.0,0.488281,0.488281,97,97,-1058.5,-770.5,1
224,FC08,1.0,0.495,0.495,357,357,-1596.3,-1311.5,1
225,D,3.0,0.488281,0.488281,100,100,-368.0,-71.0,1
226,C,4.0,0.390625,0.390625,54,54,-843.47,-631.47,1
227,D,3.0,0.46875,0.46875,98,98,-1384.5,-1093.5,1
228,C,4.0,0.390625,0.390625,62,62,-1310.02,-1066.02,1
229,B,1.0,0.40625,0.40625,228,228,-1300.02,-1073.02,1
230,B,1.0,0.390625,0.390625,244,244,-1636.38,-1393.38,1
231,B,1.0,0.390625,0.390625,225,225,-1098.09,-852.09,1
232,B,1.0,0.390625,0.390625,268,268,-1553.71,-1286.71,1
233,B,1.0,0.488281,0.488281,248,248,-1206.5,-951.5,1
234,B,1.0,0.390625,0.390625,248,248,-1354.53,-1107.53,1
235,D,3.0,0.373047,0.373047,74,74,-995.0,-776.0,1
236,FC08,1.0,0.451,0.451,307,307,-1263.3,-1018.5,1
237,B,1.0,0.488281,0.488281,262,262,-1069.0,-808.0,1
238,B_SOFT_C,1.0,0.324219,0.324219,240,240,-610.847,-371.847,1
239,B,1.0,0.449219,0.449219,241,241,-1007.0,-767.0,1
240,FC08,1.0,0.324,0.324,277,277,-1512.4,-1278.0,1
241,FC08,1.0,0.637,0.637,311,311,-1168.8,-904.0,1
243,B,1.0,0.478516,0.478516,253,253,-1228.0,-976.0,1
244,FC08,1.0,0.466,0.466,280,280,-1454.2,-1155.0,1
245,B,1.0,0.447266,0.447266,248,248,-1511.38,-1264.38,1
246,"['Br40s', '2']",1.0,0.341797,0.341797,320,320,-1555.8,-1324.8,1
247,B,1.0,0.390625,0.390625,244,244,-1319.53,-1076.53,1
248,"['Br40s', '2']",1.0,0.419922,0.419922,333,333,-1553.4,-1321.0,1
249,B,1.0,0.390625,0.390625,292,292,-683.53,-392.53,1
250,B_SOFT_C,1.0,0.353516,0.353516,168,168,-754.184,-471.184,1
251,B_SOFT_C,1.0,0.365234,0.365234,295,295,-552.966,-258.966,1
252,B,1.0,0.488281,0.488281,298,298,-994.0,-697.0,1
253,D,3.0,0.386719,0.386719,84,84,-1086.5,-837.5,1
254,B,1.0,0.390625,0.390625,264,264,-1420.03,-1157.03,1
255,B,1.0,0.390625,0.390625,188,188,-962.01,-775.01,1
256,FC08,1.0,0.488,0.488,376,376,-1156.5,-856.5,1
257,B,1.0,0.40625,0.40625,219,219,-1019.92,-753.92,1
258,B,1.0,0.517578,0.517578,244,244,-1055.52,-812.52,1
259,B,1.0,0.351562,0.351562,216,216,-1159.94,-937.94,1
260,B,1.0,0.488281,0.488281,291,291,-1062.0,-765.0,1
261,B,1.0,0.427734,0.427734,288,288,-1012.75,-725.75,1
262,B,1.0,0.357422,0.357422,253,253,-1092.0,-840.0,1
263,B,1.0,0.390625,0.390625,208,208,-1590.0,-1340.0,1
264,B,1.0,0.455078,0.455078,262,262,-766.5,-505.5,1
265,STANDARD,1.25,0.339844,0.339844,209,209,-254.01,5.99,1
266,B,1.0,0.390625,0.390625,267,267,-1156.02,-881.02,1
267,B,1.0,0.433594,0.433594,296,296,-1030.48,-735.48,1
268,B,1.0,0.390625,0.390625,248,248,-971.42,-724.42,2
269,B,1.0,0.390625,0.390625,266,266,-1090.21,-815.21,1
270,B,1.0,0.390625,0.390625,244,244,-389.62,-146.62,1
271,B,1.0,0.390625,0.390625,298,298,-1031.5,-734.5,1
272,B,1.0,0.390625,0.390625,280,280,-1373.84,-1094.84,1
273,FC08,1.0,0.572,0.572,382,382,-568.9,-122.5,1
274,B,1.0,0.347656,0.347656,248,248,-948.45,-701.45,1
275,B,1.0,0.390625,0.390625,220,220,-1380.93,-1161.93,1
276,FC08,1.0,0.366,0.366,319,319,-1529.4,-1275.0,1
277,B_SOFT_C,1.0,0.292969,0.292969,162,162,-1173.997,-909.997,1
278,B,1.0,0.390625,0.390625,280,280,-1411.2,-1132.2,1
279,B_SOFT_C,1.0,0.353516,0.353516,251,251,-605.44,-355.44,1
280,"['Br40s', '2']",1.0,0.464844,0.464844,176,176,-1383.5,-1247.0,1
