patient_id,label,ap_dicom_file,lateral_dicom_file,ct_zip,ct_patient_folder,xray_dicom_count,ct_dicom_count,strict_xray_pair,multimodal_eligible
1,2,lumos_x_001/lumos_x_001_1.Dcm,lumos_x_001/lumos_x_001_2.Dcm,lumos_ct_001_070_dcm.zip,lumos_ct_001,2,116,True,True
2,1,lumos_x_002/lumos_x_002_1.Dcm,lumos_x_002/lumos_x_002_2.Dcm,lumos_ct_001_070_dcm.zip,lumos_ct_002,2,200,True,True
3,0,lumos_x_003/lumos_x_003_1.Dcm,lumos_x_003/lumos_x_003_2.Dcm,lumos_ct_001_070_dcm.zip,lumos_ct_003,2,520,True,True
4,2,lumos_x_004/lumos_x_004_1.Dcm,lumos_x_004/lumos_x_004_2.Dcm,lumos_ct_001_070_dcm.zip,lumos_ct_004,2,124,True,True
5,0,lumos_x_005/lumos_x_005_1.Dcm,lumos_x_005/lumos_x_005_2.Dcm,lumos_ct_001_070_dcm.zip,lumos_ct_005,2,582,True,True
6,2,lumos_x_006/lumos_x_006_1.Dcm,lumos_x_006/lumos_x_006_2.Dcm,lumos_ct_001_070_dcm.zip,lumos_ct_006,2,104,True,True
7,0,lumos_x_007/lumos_x_007_1.Dcm,lumos_x_007/lumos_x_007_2.Dcm,lumos_ct_001_070_dcm.zip,lumos_ct_007,2,472,True,True
9,0,lumos_x_009/lumos_x_009_1.Dcm,lumos_x_009/lumos_x_009_2.Dcm,lumos_ct_001_070_dcm.zip,lumos_ct_009,2,122,True,True
10,1,lumos_x_010/lumos_x_010_1.Dcm,lumos_x_010/lumos_x_010_2.Dcm,lumos_ct_001_070_dcm.zip,lumos_ct_010,2,472,True,True
11,0,lumos_x_011/lumos_x_011_1.Dcm,lumos_x_011/lumos_x_011_2.Dcm,lumos_ct_001_070_dcm.zip,lumos_ct_011,2,142,True,True
12,1,lumos_x_012/lumos_x_012_1.Dcm,lumos_x_012/lumos_x_012_2.Dcm,lumos_ct_001_070_dcm.zip,lumos_ct_012,2,200,True,True
13,1,lumos_x_013/lumos_x_013_1.Dcm,lumos_x_013/lumos_x_013_2.Dcm,lumos_ct_001_070_dcm.zip,lumos_ct_013,2,116,True,True
14,2,lumos_x_014/lumos_x_014_1.Dcm,lumos_x_014/lumos_x_014_2.Dcm,lumos_ct_001_070_dcm.zip,lumos_ct_014,2,512,True,True
15,0,lumos_x_015/lumos_x_015_1.Dcm,lumos_x_015/lumos_x_015_2.Dcm,lumos_ct_001_070_dcm.zip,lumos_ct_015,2,136,True,True
16,1,lumos_x_016/lumos_x_016_1.Dcm,lumos_x_016/lumos_x_016_2.Dcm,lumos_ct_001_070_dcm.zip,lumos_ct_016,2,536,True,True
17,1,lumos_x_017/lumos_x_017_1.Dcm,lumos_x_017/lumos_x_017_2.Dcm,lumos_ct_001_070_dcm.zip,lumos_ct_017,2,132,True,True
18,0,lumos_x_018/lumos_x_018_1.Dcm,lumos_x_018/lumos_x_018_2.Dcm,lumos_ct_001_070_dcm.zip,lumos_ct_018,2,134,True,True
19,2,lumos_x_019/lumos_x_019_1.Dcm,lumos_x_019/lumos_x_019_2.Dcm,lumos_ct_001_070_dcm.zip,lumos_ct_019,2,114,True,True
20,0,lumos_x_020/lumos_x_020_1.Dcm,lumos_x_020/lumos_x_020_2.Dcm,lumos_ct_001_070_dcm.zip,lumos_ct_020,2,122,True,True
21,1,lumos_x_021/lumos_x_021_1.Dcm,lumos_x_021/lumos_x_021_2.Dcm,lumos_ct_001_070_dcm.zip,lumos_ct_021,2,106,True,True
22,0,lumos_x_022/lumos_x_022_1.Dcm,lumos_x_022/lumos_x_022_2.Dcm,lumos_ct_001_070_dcm.zip,lumos_ct_022,2,488,True,True
23,1,lumos_x_023/lumos_x_023_1.Dcm,lumos_x_023/lumos_x_023_2.Dcm,lumos_ct_001_070_dcm.zip,lumos_ct_023,2,182,True,True
25,1,lumos_x_025/lumos_x_025_1.Dcm,lumos_x_025/lumos_x_025_2.Dcm,lumos_ct_001_070_dcm.zip,lumos_ct_025,2,200,True,True
26,1,lumos_x_026/lumos_x_026_1.Dcm,lumos_x_026/lumos_x_026_2.Dcm,lumos_ct_001_070_dcm.zip,lumos_ct_026,2,100,True,True
27,2,lumos_x_027/lumos_x_027_1.Dcm,lumos_x_027/lumos_x_027_2.Dcm,lumos_ct_001_070_dcm.zip,lumos_ct_027,2,126,True,True
28,0,lumos_x_028/lumos_x_028_1.Dcm,lumos_x_028/lumos_x_028_2.Dcm,lumos_ct_001_070_dcm.zip,lumos_ct_028,2,108,True,True
29,0,lumos_x_029/lumos_x_029_1.Dcm,lumos_x_029/lumos_x_029_2.Dcm,lumos_ct_001_070_dcm.zip,lumos_ct_029,2,150,True,True
30,1,lumos_x_030/lumos_x_030_1.Dcm,lumos_x_030/lumos_x_030_2.Dcm,lumos_ct_001_070_dcm.zip,lumos_ct_030,2,132,True,True
31,2,lumos_x_031/lumos_x_031_1.Dcm,lumos_x_031/lumos_x_031_2.Dcm,lumos_ct_001_070_dcm.zip,lumos_ct_031,2,130,True,True
32,0,lumos_x_032/lumos_x_032_1.Dcm,lumos_x_032/lumos_x_032_2.Dcm,lumos_ct_001_070_dcm.zip,lumos_ct_032,2,122,True,True
33,0,lumos_x_033/lumos_x_033_2.Dcm,lumos_x_033/lumos_x_033_1.Dcm,lumos_ct_001_070_dcm.zip,lumos_ct_033,2,520,True,True
34,0,lumos_x_034/lumos_x_034_1.Dcm,lumos_x_034/lumos_x_034_2.Dcm,lumos_ct_001_070_dcm.zip,lumos_ct_034,2,162,True,True
35,0,lumos_x_035/lumos_x_035_1.Dcm,lumos_x_035/lumos_x_035_2.Dcm,lumos_ct_001_070_dcm.zip,lumos_ct_035,2,256,True,True
36,1,lumos_x_036/lumos_x_036_1.Dcm,lumos_x_036/lumos_x_036_2.Dcm,lumos_ct_001_070_dcm.zip,lumos_ct_036,2,772,True,True
37,0,lumos_x_037/lumos_x_037_1.Dcm,lumos_x_037/lumos_x_037_2.Dcm,lumos_ct_001_070_dcm.zip,lumos_ct_037,2,512,True,True
38,1,lumos_x_038/lumos_x_038_1.Dcm,lumos_x_038/lumos_x_038_2.Dcm,lumos_ct_001_070_dcm.zip,lumos_ct_038,2,584,True,True
39,2,lumos_x_039/lumos_x_039_1.Dcm,lumos_x_039/lumos_x_039_2.Dcm,lumos_ct_001_070_dcm.zip,lumos_ct_039,2,432,True,True
40,2,lumos_x_040/lumos_x_040_1.Dcm,lumos_x_040/lumos_x_040_2.Dcm,lumos_ct_001_070_dcm.zip,lumos_ct_040,2,488,True,True
41,1,lumos_x_041/lumos_x_041_1.Dcm,lumos_x_041/lumos_x_041_2.Dcm,lumos_ct_001_070_dcm.zip,lumos_ct_041,2,494,True,True
42,0,lumos_x_042/lumos_x_042_1.Dcm,lumos_x_042/lumos_x_042_2.Dcm,lumos_ct_001_070_dcm.zip,lumos_ct_042,2,158,True,True
43,0,lumos_x_043/lumos_x_043_1.Dcm,lumos_x_043/lumos_x_043_2.Dcm,lumos_ct_001_070_dcm.zip,lumos_ct_043,2,122,True,True
44,0,lumos_x_044/lumos_x_044_1.Dcm,lumos_x_044/lumos_x_044_2.Dcm,lumos_ct_001_070_dcm.zip,lumos_ct_044,2,200,True,True
45,2,lumos_x_045/lumos_x_045_1.Dcm,lumos_x_045/lumos_x_045_2.Dcm,lumos_ct_001_070_dcm.zip,lumos_ct_045,2,128,True,True
46,1,lumos_x_046/lumos_x_046_1.Dcm,lumos_x_046/lumos_x_046_2.Dcm,lumos_ct_001_070_dcm.zip,lumos_ct_046,2,488,True,True
48,0,lumos_x_048/lumos_x_048_1.Dcm,lumos_x_048/lumos_x_048_2.Dcm,lumos_ct_001_070_dcm.zip,lumos_ct_048,2,752,True,True
49,0,lumos_x_049/lumos_x_049_1.Dcm,lumos_x_049/lumos_x_049_2.Dcm,lumos_ct_001_070_dcm.zip,lumos_ct_049,2,128,True,True
50,1,lumos_x_050/lumos_x_050_1.Dcm,lumos_x_050/lumos_x_050_2.Dcm,lumos_ct_001_070_dcm.zip,lumos_ct_050,2,584,True,True
51,2,lumos_x_051/lumos_x_051_1.Dcm,lumos_x_051/lumos_x_051_2.Dcm,lumos_ct_001_070_dcm.zip,lumos_ct_051,2,122,True,True
52,0,lumos_x_052/lumos_x_052_1.Dcm,lumos_x_052/lumos_x_052_2.Dcm,lumos_ct_001_070_dcm.zip,lumos_ct_052,2,134,True,True
53,0,lumos_x_053/lumos_x_053_1.Dcm,lumos_x_053/lumos_x_053_2.Dcm,lumos_ct_001_070_dcm.zip,lumos_ct_053,2,174,True,True
54,0,lumos_x_054/lumos_x_054_1.Dcm,lumos_x_054/lumos_x_054_2.Dcm,lumos_ct_001_070_dcm.zip,lumos_ct_054,2,122,True,True
55,0,lumos_x_055/lumos_x_055_1.Dcm,lumos_x_055/lumos_x_055_2.Dcm,lumos_ct_001_070_dcm.zip,lumos_ct_055,2,124,True,True
56,2,lumos_x_056/lumos_x_056_1.Dcm,lumos_x_056/lumos_x_056_2.Dcm,lumos_ct_001_070_dcm.zip,lumos_ct_056,2,540,True,True
57,1,lumos_x_057/lumos_x_057_1.Dcm,lumos_x_057/lumos_x_057_2.Dcm,lumos_ct_001_070_dcm.zip,lumos_ct_057,2,150,True,True
58,0,lumos_x_058/lumos_x_058_1.Dcm,lumos_x_058/lumos_x_058_2.Dcm,lumos_ct_001_070_dcm.zip,lumos_ct_058,2,108,True,True
59,0,lumos_x_059/lumos_x_059_1.Dcm,lumos_x_059/lumos_x_059_2.Dcm,lumos_ct_001_070_dcm.zip,lumos_ct_059,2,160,True,True
60,1,lumos_x_060/lumos_x_060_1.Dcm,lumos_x_060/lumos_x_060_2.Dcm,lumos_ct_001_070_dcm.zip,lumos_ct_060,2,502,True,True
61,0,lumos_x_061/lumos_x_061_1.Dcm,lumos_x_061/lumos_x_061_2.Dcm,lumos_ct_001_070_dcm.zip,lumos_ct_061,2,532,True,True
62,0,lumos_x_062/lumos_x_062_1.Dcm,lumos_x_062/lumos_x_062_2.Dcm,lumos_ct_001_070_dcm.zip,lumos_ct_062,2,536,True,True
63,1,lumos_x_063/lumos_x_063_1.Dcm,lumos_x_063/lumos_x_063_2.Dcm,lumos_ct_001_070_dcm.zip,lumos_ct_063,2,568,True,True
64,2,lumos_x_064/lumos_x_064_1.Dcm,lumos_x_064/lumos_x_064_2.Dcm,lumos_ct_001_070_dcm.zip,lumos_ct_064,2,736,True,True
65,0,lumos_x_065/lumos_x_065_1.Dcm,lumos_x_065/lumos_x_065_2.Dcm,lumos_ct_001_070_dcm.zip,lumos_ct_065,2,484,True,True
66,0,lumos_x_066/lumos_x_066_1.Dcm,lumos_x_066/lumos_x_066_2.Dcm,lumos_ct_001_070_dcm.zip,lumos_ct_066,2,512,True,True
67,1,lumos_x_067/lumos_x_067_1.Dcm,lumos_x_067/lumos_x_067_2.Dcm,lumos_ct_001_070_dcm.zip,lumos_ct_067,2,560,True,True
68,0,lumos_x_068/lumos_x_068_1.Dcm,lumos_x_068/lumos_x_068_2.Dcm,lumos_ct_001_070_dcm.zip,lumos_ct_068,2,182,True,True
69,2,lumos_x_069/lumos_x_069_1.Dcm,lumos_x_069/lumos_x_069_2.Dcm,lumos_ct_001_070_dcm.zip,lumos_ct_069,2,132,True,True
70,2,lumos_x_070/lumos_x_070_1.Dcm,lumos_x_070/lumos_x_070_2.Dcm,lumos_ct_001_070_dcm.zip,lumos_ct_070,2,124,True,True
71,2,lumos_x_071/lumos_x_071_1.Dcm,lumos_x_071/lumos_x_071_2.Dcm,lumos_ct_071_140_dcm.zip,lumos_ct_071,2,70,True,True
72,0,lumos_x_072/lumos_x_072_1.Dcm,lumos_x_072/lumos_x_072_2.Dcm,lumos_ct_071_140_dcm.zip,lumos_ct_072,2,52,True,True
73,1,lumos_x_073/lumos_x_073_1.Dcm,lumos_x_073/lumos_x_073_2.Dcm,lumos_ct_071_140_dcm.zip,lumos_ct_073,2,61,True,True
74,2,lumos_x_074/lumos_x_074_1.Dcm,lumos_x_074/lumos_x_074_2.Dcm,lumos_ct_071_140_dcm.zip,lumos_ct_074,2,54,True,True
75,0,lumos_x_075/lumos_x_075_1.Dcm,lumos_x_075/lumos_x_075_2.Dcm,lumos_ct_071_140_dcm.zip,lumos_ct_075,2,212,True,True
76,0,lumos_x_076/lumos_x_076_1.Dcm,lumos_x_076/lumos_x_076_2.Dcm,lumos_ct_071_140_dcm.zip,lumos_ct_076,2,130,True,True
77,2,lumos_x_077/lumos_x_077_1.Dcm,lumos_x_077/lumos_x_077_2.Dcm,lumos_ct_071_140_dcm.zip,lumos_ct_077,2,310,True,True
78,2,lumos_x_078/lumos_x_078_1.Dcm,lumos_x_078/lumos_x_078_2.Dcm,lumos_ct_071_140_dcm.zip,lumos_ct_078,2,66,True,True
79,0,lumos_x_079/lumos_x_079_1.Dcm,lumos_x_079/lumos_x_079_2.Dcm,lumos_ct_071_140_dcm.zip,lumos_ct_079,2,75,True,True
80,1,lumos_x_080/lumos_x_080_1.Dcm,lumos_x_080/lumos_x_080_2.Dcm,lumos_ct_071_140_dcm.zip,lumos_ct_080,2,74,True,True
81,1,lumos_x_081/lumos_x_081_1.Dcm,lumos_x_081/lumos_x_081_2.Dcm,lumos_ct_071_140_dcm.zip,lumos_ct_081,2,100,True,True
82,2,lumos_x_082/lumos_x_082_1.Dcm,lumos_x_082/lumos_x_082_4.Dcm,lumos_ct_071_140_dcm.zip,lumos_ct_082,2,60,True,True
83,1,lumos_x_083/lumos_x_083_1.Dcm,lumos_x_083/lumos_x_083_2.Dcm,lumos_ct_071_140_dcm.zip,lumos_ct_083,2,88,True,True
84,0,lumos_x_084/lumos_x_084_1.Dcm,lumos_x_084/lumos_x_084_2.Dcm,lumos_ct_071_140_dcm.zip,lumos_ct_084,2,268,True,True
85,1,lumos_x_085/lumos_x_085_1.Dcm,lumos_x_085/lumos_x_085_2.Dcm,lumos_ct_071_140_dcm.zip,lumos_ct_085,2,67,True,True
86,0,lumos_x_086/lumos_x_086_1.Dcm,lumos_x_086/lumos_x_086_2.Dcm,lumos_ct_071_140_dcm.zip,lumos_ct_086,2,61,True,True
87,1,lumos_x_087/lumos_x_087_1.Dcm,lumos_x_087/lumos_x_087_2.Dcm,lumos_ct_071_140_dcm.zip,lumos_ct_087,2,55,True,True
88,2,lumos_x_088/lumos_x_088_1.Dcm,lumos_x_088/lumos_x_088_2.Dcm,lumos_ct_071_140_dcm.zip,lumos_ct_088,2,61,True,True
89,0,lumos_x_089/lumos_x_089_1.Dcm,lumos_x_089/lumos_x_089_2.Dcm,lumos_ct_071_140_dcm.zip,lumos_ct_089,2,100,True,True
90,2,lumos_x_090/lumos_x_090_1.Dcm,lumos_x_090/lumos_x_090_2.Dcm,lumos_ct_071_140_dcm.zip,lumos_ct_090,2,241,True,True
91,0,lumos_x_091/lumos_x_091_4.Dcm,lumos_x_091/lumos_x_091_2.Dcm,lumos_ct_071_140_dcm.zip,lumos_ct_091,2,59,True,True
92,0,lumos_x_092/lumos_x_092_1.Dcm,lumos_x_092/lumos_x_092_2.Dcm,lumos_ct_071_140_dcm.zip,lumos_ct_092,2,61,True,True
93,0,lumos_x_093/lumos_x_093_1.Dcm,lumos_x_093/lumos_x_093_2.Dcm,lumos_ct_071_140_dcm.zip,lumos_ct_093,2,88,True,True
94,0,lumos_x_094/lumos_x_094_1.Dcm,lumos_x_094/lumos_x_094_2.Dcm,lumos_ct_071_140_dcm.zip,lumos_ct_094,2,264,True,True
95,1,lumos_x_095/lumos_x_095_1.Dcm,lumos_x_095/lumos_x_095_2.Dcm,lumos_ct_071_140_dcm.zip,lumos_ct_095,2,61,True,True
96,2,lumos_x_096/lumos_x_096_1.Dcm,lumos_x_096/lumos_x_096_2.Dcm,lumos_ct_071_140_dcm.zip,lumos_ct_096,2,55,True,True
97,2,lumos_x_097/lumos_x_097_1.Dcm,lumos_x_097/lumos_x_097_2.Dcm,lumos_ct_071_140_dcm.zip,lumos_ct_097,2,277,True,True
98,0,lumos_x_098/lumos_x_098_1.Dcm,lumos_x_098/lumos_x_098_2.Dcm,lumos_ct_071_140_dcm.zip,lumos_ct_098,2,129,True,True
99,2,lumos_x_099/lumos_x_099_1.Dcm,lumos_x_099/lumos_x_099_2.Dcm,lumos_ct_071_140_dcm.zip,lumos_ct_099,2,61,True,True
100,0,lumos_x_100/lumos_x_100_1.Dcm,lumos_x_100/lumos_x_100_2.Dcm,lumos_ct_071_140_dcm.zip,lumos_ct_100,2,100,True,True
101,0,lumos_x_101/lumos_x_101_1.Dcm,lumos_x_101/lumos_x_101_2.Dcm,lumos_ct_071_140_dcm.zip,lumos_ct_101,2,488,True,True
102,0,lumos_x_102/lumos_x_102_1.Dcm,lumos_x_102/lumos_x_102_2.Dcm,lumos_ct_071_140_dcm.zip,lumos_ct_102,2,256,True,True
103,0,lumos_x_103/lumos_x_103_1.Dcm,lumos_x_103/lumos_x_103_2.Dcm,lumos_ct_071_140_dcm.zip,lumos_ct_103,2,55,True,True
104,1,lumos_x_104/lumos_x_104_1.Dcm,lumos_x_104/lumos_x_104_2.Dcm,lumos_ct_071_140_dcm.zip,lumos_ct_104,2,139,True,True
105,2,lumos_x_105/lumos_x_105_1.Dcm,lumos_x_105/lumos_x_105_2.Dcm,lumos_ct_071_140_dcm.zip,lumos_ct_105,2,245,True,True
106,0,lumos_x_106/lumos_x_106_1.Dcm,lumos_x_106/lumos_x_106_2.Dcm,lumos_ct_071_140_dcm.zip,lumos_ct_106,2,86,True,True
107,0,lumos_x_107/lumos_x_107_1.Dcm,lumos_x_107/lumos_x_107_2.Dcm,lumos_ct_071_140_dcm.zip,lumos_ct_107,2,68,True,True
108,0,lumos_x_108/lumos_x_108_1.Dcm,lumos_x_108/lumos_x_108_2.Dcm,lumos_ct_071_140_dcm.zip,lumos_ct_108,2,245,True,True
109,0,lumos_x_109/lumos_x_109_1.Dcm,lumos_x_109/lumos_x_109_2.Dcm,lumos_ct_071_140_dcm.zip,lumos_ct_109,2,228,True,True
110,0,lumos_x_110/lumos_x_110_1.Dcm,lumos_x_110/lumos_x_110_2.Dcm,lumos_ct_071_140_dcm.zip,lumos_ct_110,2,376,True,True
111,2,lumos_x_111/lumos_x_111_1.Dcm,lumos_x_111/lumos_x_111_2.Dcm,lumos_ct_071_140_dcm.zip,lumos_ct_111,2,313,True,True
112,0,lumos_x_112/lumos_x_112_1.Dcm,lumos_x_112/lumos_x_112_2.Dcm,lumos_ct_071_140_dcm.zip,lumos_ct_112,2,290,True,True
113,1,lumos_x_113/lumos_x_113_1.Dcm,lumos_x_113/lumos_x_113_2.Dcm,lumos_ct_071_140_dcm.zip,lumos_ct_113,2,268,True,True
114,1,lumos_x_114/lumos_x_114_1.Dcm,lumos_x_114/lumos_x_114_2.Dcm,lumos_ct_071_140_dcm.zip,lumos_ct_114,2,344,True,True
115,2,lumos_x_115/lumos_x_115_1.Dcm,lumos_x_115/lumos_x_115_2.Dcm,lumos_ct_071_140_dcm.zip,lumos_ct_115,2,200,True,True
116,2,lumos_x_116/lumos_x_116_1.Dcm,lumos_x_116/lumos_x_116_2.Dcm,lumos_ct_071_140_dcm.zip,lumos_ct_116,2,66,True,True
117,0,lumos_x_117/lumos_x_117_1.Dcm,lumos_x_117/lumos_x_117_2.Dcm,lumos_ct_071_140_dcm.zip,lumos_ct_117,2,224,True,True
118,1,lumos_x_118/lumos_x_118_1.Dcm,lumos_x_118/lumos_x_118_2.Dcm,lumos_ct_071_140_dcm.zip,lumos_ct_118,2,259,True,True
119,1,lumos_x_119/lumos_x_119_1.Dcm,lumos_x_119/lumos_x_119_2.Dcm,lumos_ct_071_140_dcm.zip,lumos_ct_119,2,57,True,True
120,1,lumos_x_120/lumos_x_120_1.Dcm,lumos_x_120/lumos_x_120_2.Dcm,lumos_ct_071_140_dcm.zip,lumos_ct_120,2,99,True,True
121,1,lumos_x_121/lumos_x_121_1.Dcm,lumos_x_121/lumos_x_121_2.Dcm,lumos_ct_071_140_dcm.zip,lumos_ct_121,2,63,True,True
122,1,lumos_x_122/lumos_x_122_1.Dcm,lumos_x_122/lumos_x_122_2.Dcm,lumos_ct_071_140_dcm.zip,lumos_ct_122,2,58,True,True
123,1,lumos_x_123/lumos_x_123_1.Dcm,lumos_x_123/lumos_x_123_2.Dcm,lumos_ct_071_140_dcm.zip,lumos_ct_123,2,63,True,True
124,0,lumos_x_124/lumos_x_124_1.Dcm,lumos_x_124/lumos_x_124_2.Dcm,lumos_ct_071_140_dcm.zip,lumos_ct_124,2,55,True,True
125,1,lumos_x_125/lumos_x_125_1.Dcm,lumos_x_125/lumos_x_125_2.Dcm,lumos_ct_071_140_dcm.zip,lumos_ct_125,2,99,True,True
126,2,lumos_x_126/lumos_x_126_1.Dcm,lumos_x_126/lumos_x_126_2.Dcm,lumos_ct_071_140_dcm.zip,lumos_ct_126,2,85,True,True
127,1,lumos_x_127/lumos_x_127_1.Dcm,lumos_x_127/lumos_x_127_2.Dcm,lumos_ct_071_140_dcm.zip,lumos_ct_127,2,252,True,True
128,1,lumos_x_128/lumos_x_128_1.Dcm,lumos_x_128/lumos_x_128_2.Dcm,lumos_ct_071_140_dcm.zip,lumos_ct_128,2,62,True,True
129,0,lumos_x_129/lumos_x_129_1.Dcm,lumos_x_129/lumos_x_129_2.Dcm,lumos_ct_071_140_dcm.zip,lumos_ct_129,2,61,True,True
130,2,lumos_x_130/lumos_x_130_1.Dcm,lumos_x_130/lumos_x_130_2.Dcm,lumos_ct_071_140_dcm.zip,lumos_ct_130,2,61,True,True
131,1,lumos_x_131/lumos_x_131_1.Dcm,lumos_x_131/lumos_x_131_2.Dcm,lumos_ct_071_140_dcm.zip,lumos_ct_131,2,61,True,True
132,1,lumos_x_132/lumos_x_132_1.Dcm,lumos_x_132/lumos_x_132_2.Dcm,lumos_ct_071_140_dcm.zip,lumos_ct_132,2,56,True,True
133,0,lumos_x_133/lumos_x_133_1.Dcm,lumos_x_133/lumos_x_133_2.Dcm,lumos_ct_071_140_dcm.zip,lumos_ct_133,2,61,True,True
134,0,lumos_x_134/lumos_x_134_1.Dcm,lumos_x_134/lumos_x_134_2.Dcm,lumos_ct_071_140_dcm.zip,lumos_ct_134,2,300,True,True
135,0,lumos_x_135/lumos_x_135_1.Dcm,lumos_x_135/lumos_x_135_2.Dcm,lumos_ct_071_140_dcm.zip,lumos_ct_135,2,186,True,True
136,1,lumos_x_136/lumos_x_136_1.Dcm,lumos_x_136/lumos_x_136_2.Dcm,lumos_ct_071_140_dcm.zip,lumos_ct_136,2,264,True,True
137,0,lumos_x_137/lumos_x_137_1.Dcm,lumos_x_137/lumos_x_137_2.Dcm,lumos_ct_071_140_dcm.zip,lumos_ct_137,2,298,True,True
138,2,lumos_x_138/lumos_x_138_1.Dcm,lumos_x_138/lumos_x_138_2.Dcm,lumos_ct_071_140_dcm.zip,lumos_ct_138,2,263,True,True
139,0,lumos_x_139/lumos_x_139_1.Dcm,lumos_x_139/lumos_x_139_2.Dcm,lumos_ct_071_140_dcm.zip,lumos_ct_139,2,256,True,True
141,2,lumos_x_141/lumos_x_141_1.Dcm,lumos_x_141/lumos_x_141_2.Dcm,lumos_ct_141_210_dcm.zip,lumos_ct_141,2,284,True,True
142,2,lumos_x_142/lumos_x_142_1.Dcm,lumos_x_142/lumos_x_142_2.Dcm,lumos_ct_141_210_dcm.zip,lumos_ct_142,2,73,True,True
143,1,lumos_x_143/lumos_x_143_1.Dcm,lumos_x_143/lumos_x_143_2.Dcm,lumos_ct_141_210_dcm.zip,lumos_ct_143,2,57,True,True
144,2,lumos_x_144/lumos_x_144_1.Dcm,lumos_x_144/lumos_x_144_2.Dcm,lumos_ct_141_210_dcm.zip,lumos_ct_144,2,61,True,True
145,0,lumos_x_145/lumos_x_145_1.Dcm,lumos_x_145/lumos_x_145_2.Dcm,lumos_ct_141_210_dcm.zip,lumos_ct_145,2,100,True,True
146,0,lumos_x_146/lumos_x_146_1.Dcm,lumos_x_146/lumos_x_146_2.Dcm,lumos_ct_141_210_dcm.zip,lumos_ct_146,2,94,True,True
147,0,lumos_x_147/lumos_x_147_1.Dcm,lumos_x_147/lumos_x_147_2.Dcm,lumos_ct_141_210_dcm.zip,lumos_ct_147,2,376,True,True
148,0,lumos_x_148/lumos_x_148_1.Dcm,lumos_x_148/lumos_x_148_2.Dcm,lumos_ct_141_210_dcm.zip,lumos_ct_148,2,86,True,True
149,1,lumos_x_149/lumos_x_149_1.Dcm,lumos_x_149/lumos_x_149_2.Dcm,lumos_ct_141_210_dcm.zip,lumos_ct_149,2,61,True,True
150,2,lumos_x_150/lumos_x_150_1.Dcm,lumos_x_150/lumos_x_150_2.Dcm,lumos_ct_141_210_dcm.zip,lumos_ct_150,2,304,True,True
151,0,lumos_x_151/lumos_x_151_1.Dcm,lumos_x_151/lumos_x_151_2.Dcm,lumos_ct_141_210_dcm.zip,lumos_ct_151,2,62,True,True
152,0,lumos_x_152/lumos_x_152_1.Dcm,lumos_x_152/lumos_x_152_2.Dcm,lumos_ct_141_210_dcm.zip,lumos_ct_152,2,252,True,True
153,0,lumos_x_153/lumos_x_153_1.Dcm,lumos_x_153/lumos_x_153_2.Dcm,lumos_ct_141_210_dcm.zip,lumos_ct_153,2,274,True,True
154,1,lumos_x_154/lumos_x_154_1.Dcm,lumos_x_154/lumos_x_154_2.Dcm,lumos_ct_141_210_dcm.zip,lumos_ct_154,2,66,True,True
155,2,lumos_x_155/lumos_x_155_1.Dcm,lumos_x_155/lumos_x_155_2.Dcm,lumos_ct_141_210_dcm.zip,lumos_ct_155,2,376,True,True
156,0,lumos_x_156/lumos_x_156_1.Dcm,lumos_x_156/lumos_x_156_2.Dcm,lumos_ct_141_210_dcm.zip,lumos_ct_156,2,83,True,True
157,2,lumos_x_157/lumos_x_157_1.Dcm,lumos_x_157/lumos_x_157_2.Dcm,lumos_ct_141_210_dcm.zip,lumos_ct_157,2,61,True,True
158,1,lumos_x_158/lumos_x_158_1.Dcm,lumos_x_158/lumos_x_158_2.Dcm,lumos_ct_141_210_dcm.zip,lumos_ct_158,2,77,True,True
159,1,lumos_x_159/lumos_x_159_1.Dcm,lumos_x_159/lumos_x_159_2.Dcm,lumos_ct_141_210_dcm.zip,lumos_ct_159,2,376,True,True
160,2,lumos_x_160/lumos_x_160_1.Dcm,lumos_x_160/lumos_x_160_2.Dcm,lumos_ct_141_210_dcm.zip,lumos_ct_160,2,252,True,True
161,1,lumos_x_161/lumos_x_161_1.Dcm,lumos_x_161/lumos_x_161_2.Dcm,lumos_ct_141_210_dcm.zip,lumos_ct_161,2,332,True,True
162,0,lumos_x_162/lumos_x_162_1.Dcm,lumos_x_162/lumos_x_162_2.Dcm,lumos_ct_141_210_dcm.zip,lumos_ct_162,2,260,True,True
163,2,lumos_x_163/lumos_x_163_1.Dcm,lumos_x_163/lumos_x_163_2.Dcm,lumos_ct_141_210_dcm.zip,lumos_ct_163,2,67,True,True
164,1,lumos_x_164/lumos_x_164_1.Dcm,lumos_x_164/lumos_x_164_2.Dcm,lumos_ct_141_210_dcm.zip,lumos_ct_164,2,252,True,True
165,2,lumos_x_165/lumos_x_165_2.Dcm,lumos_x_165/lumos_x_165_1.Dcm,lumos_ct_141_210_dcm.zip,lumos_ct_165,2,77,True,True
166,1,lumos_x_166/lumos_x_166_1.Dcm,lumos_x_166/lumos_x_166_2.Dcm,lumos_ct_141_210_dcm.zip,lumos_ct_166,2,61,True,True
167,0,lumos_x_167/lumos_x_167_1.Dcm,lumos_x_167/lumos_x_167_2.Dcm,lumos_ct_141_210_dcm.zip,lumos_ct_167,2,61,True,True
168,1,lumos_x_168/lumos_x_168_1.Dcm,lumos_x_168/lumos_x_168_2.Dcm,lumos_ct_141_210_dcm.zip,lumos_ct_168,2,132,True,True
169,0,lumos_x_169/lumos_x_169_1.Dcm,lumos_x_169/lumos_x_169_2.Dcm,lumos_ct_141_210_dcm.zip,lumos_ct_169,2,82,True,True
170,1,lumos_x_170/lumos_x_170_1.Dcm,lumos_x_170/lumos_x_170_2.Dcm,lumos_ct_141_210_dcm.zip,lumos_ct_170,2,322,True,True
171,1,lumos_x_171/lumos_x_171_1.Dcm,lumos_x_171/lumos_x_171_2.Dcm,lumos_ct_141_210_dcm.zip,lumos_ct_171,2,246,True,True
173,0,lumos_x_173/lumos_x_173_1.Dcm,lumos_x_173/lumos_x_173_2.Dcm,lumos_ct_141_210_dcm.zip,lumos_ct_173,2,73,True,True
174,1,lumos_x_174/lumos_x_174_1.Dcm,lumos_x_174/lumos_x_174_2.Dcm,lumos_ct_141_210_dcm.zip,lumos_ct_174,2,248,True,True
175,0,lumos_x_175/lumos_x_175_1.Dcm,lumos_x_175/lumos_x_175_2.Dcm,lumos_ct_141_210_dcm.zip,lumos_ct_175,2,285,True,True
176,1,lumos_x_176/lumos_x_176_1.Dcm,lumos_x_176/lumos_x_176_2.Dcm,lumos_ct_141_210_dcm.zip,lumos_ct_176,2,256,True,True
177,2,lumos_x_177/lumos_x_177_1.Dcm,lumos_x_177/lumos_x_177_2.Dcm,lumos_ct_141_210_dcm.zip,lumos_ct_177,2,65,True,True
178,0,lumos_x_178/lumos_x_178_1.Dcm,lumos_x_178/lumos_x_178_2.Dcm,lumos_ct_141_210_dcm.zip,lumos_ct_178,2,60,True,True
179,1,lumos_x_179/lumos_x_179_1.Dcm,lumos_x_179/lumos_x_179_2.Dcm,lumos_ct_141_210_dcm.zip,lumos_ct_179,2,84,True,True
180,1,lumos_x_180/lumos_x_180_1.Dcm,lumos_x_180/lumos_x_180_2.Dcm,lumos_ct_141_210_dcm.zip,lumos_ct_180,2,150,True,True
181,1,lumos_x_181/lumos_x_181_1.Dcm,lumos_x_181/lumos_x_181_2.Dcm,lumos_ct_141_210_dcm.zip,lumos_ct_181,2,252,True,True
182,2,lumos_x_182/lumos_x_182_1.Dcm,lumos_x_182/lumos_x_182_2.Dcm,lumos_ct_141_210_dcm.zip,lumos_ct_182,2,93,True,True
183,2,lumos_x_183/lumos_x_183_1.Dcm,lumos_x_183/lumos_x_183_2.Dcm,lumos_ct_141_210_dcm.zip,lumos_ct_183,2,67,True,True
184,0,lumos_x_184/lumos_x_184_1.Dcm,lumos_x_184/lumos_x_184_2.Dcm,lumos_ct_141_210_dcm.zip,lumos_ct_184,2,363,True,True
185,1,lumos_x_185/lumos_x_185_1.Dcm,lumos_x_185/lumos_x_185_2.Dcm,lumos_ct_141_210_dcm.zip,lumos_ct_185,2,304,True,True
186,0,lumos_x_186/lumos_x_186_1.Dcm,lumos_x_186/lumos_x_186_2.Dcm,lumos_ct_141_210_dcm.zip,lumos_ct_186,2,376,True,True
187,1,lumos_x_187/lumos_x_187_1.Dcm,lumos_x_187/lumos_x_187_2.Dcm,lumos_ct_141_210_dcm.zip,lumos_ct_187,2,193,True,True
188,1,lumos_x_188/lumos_x_188_1.Dcm,lumos_x_188/lumos_x_188_2.Dcm,lumos_ct_141_210_dcm.zip,lumos_ct_188,2,255,True,True
189,2,lumos_x_189/lumos_x_189_1.Dcm,lumos_x_189/lumos_x_189_2.Dcm,lumos_ct_141_210_dcm.zip,lumos_ct_189,2,224,True,True
190,0,lumos_x_190/lumos_x_190_1.Dcm,lumos_x_190/lumos_x_190_2.Dcm,lumos_ct_141_210_dcm.zip,lumos_ct_190,2,52,True,True
191,2,lumos_x_191/lumos_x_191_1.Dcm,lumos_x_191/lumos_x_191_2.Dcm,lumos_ct_141_210_dcm.zip,lumos_ct_191,2,248,True,True
193,1,lumos_x_193/lumos_x_193_1.Dcm,lumos_x_193/lumos_x_193_2.Dcm,lumos_ct_141_210_dcm.zip,lumos_ct_193,2,56,True,True
194,0,lumos_x_194/lumos_x_194_1.Dcm,lumos_x_194/lumos_x_194_2.Dcm,lumos_ct_141_210_dcm.zip,lumos_ct_194,2,240,True,True
195,2,lumos_x_195/lumos_x_195_1.Dcm,lumos_x_195/lumos_x_195_2.Dcm,lumos_ct_141_210_dcm.zip,lumos_ct_195,2,256,True,True
196,0,lumos_x_196/lumos_x_196_1.Dcm,lumos_x_196/lumos_x_196_2.Dcm,lumos_ct_141_210_dcm.zip,lumos_ct_196,2,255,True,True
197,0,lumos_x_197/lumos_x_197_1.Dcm,lumos_x_197/lumos_x_197_2.Dcm,lumos_ct_141_210_dcm.zip,lumos_ct_197,2,58,True,True
198,1,lumos_x_198/lumos_x_198_1.Dcm,lumos_x_198/lumos_x_198_2.Dcm,lumos_ct_141_210_dcm.zip,lumos_ct_198,2,240,True,True
199,1,lumos_x_199/lumos_x_199_1.Dcm,lumos_x_199/lumos_x_199_2.Dcm,lumos_ct_141_210_dcm.zip,lumos_ct_199,2,63,True,True
200,0,lumos_x_200/lumos_x_200_1.Dcm,lumos_x_200/lumos_x_200_2.Dcm,lumos_ct_141_210_dcm.zip,lumos_ct_200,2,100,True,True
201,0,lumos_x_201/lumos_x_201_1.Dcm,lumos_x_201/lumos_x_201_2.Dcm,lumos_ct_141_210_dcm.zip,lumos_ct_201,2,338,True,True
202,2,lumos_x_202/lumos_x_202_1.Dcm,lumos_x_202/lumos_x_202_2.Dcm,lumos_ct_141_210_dcm.zip,lumos_ct_202,2,256,True,True
203,0,lumos_x_203/lumos_x_203_1.Dcm,lumos_x_203/lumos_x_203_2.Dcm,lumos_ct_141_210_dcm.zip,lumos_ct_203,2,295,True,True
205,2,lumos_x_205/lumos_x_205_1.Dcm,lumos_x_205/lumos_x_205_2.Dcm,lumos_ct_141_210_dcm.zip,lumos_ct_205,2,223,True,True
206,0,lumos_x_206/lumos_x_206_1.Dcm,lumos_x_206/lumos_x_206_2.Dcm,lumos_ct_141_210_dcm.zip,lumos_ct_206,2,281,True,True
207,1,lumos_x_207/lumos_x_207_1.Dcm,lumos_x_207/lumos_x_207_2.Dcm,lumos_ct_141_210_dcm.zip,lumos_ct_207,2,74,True,True
208,0,lumos_x_208/lumos_x_208_1.Dcm,lumos_x_208/lumos_x_208_2.Dcm,lumos_ct_141_210_dcm.zip,lumos_ct_208,2,85,True,True
209,2,lumos_x_209/lumos_x_209_1.Dcm,lumos_x_209/lumos_x_209_2.Dcm,lumos_ct_141_210_dcm.zip,lumos_ct_209,2,67,True,True
210,2,lumos_x_210/lumos_x_210_1.Dcm,lumos_x_210/lumos_x_210_2.Dcm,lumos_ct_141_210_dcm.zip,lumos_ct_210,2,113,True,True
211,0,lumos_x_211/lumos_x_211_1.Dcm,lumos_x_211/lumos_x_211_2.Dcm,lumos_ct_211_280_dcm.zip,lumos_ct_211,2,66,True,True
212,2,lumos_x_212/lumos_x_212_1.Dcm,lumos_x_212/lumos_x_212_2.Dcm,lumos_ct_211_280_dcm.zip,lumos_ct_212,2,250,True,True
213,0,lumos_x_213/lumos_x_213_1.Dcm,lumos_x_213/lumos_x_213_2.Dcm,lumos_ct_211_280_dcm.zip,lumos_ct_213,2,79,True,True
214,0,lumos_x_214/lumos_x_214_1.Dcm,lumos_x_214/lumos_x_214_2.Dcm,lumos_ct_211_280_dcm.zip,lumos_ct_214,2,265,True,True
215,1,lumos_x_215/lumos_x_215_1.Dcm,lumos_x_215/lumos_x_215_2.Dcm,lumos_ct_211_280_dcm.zip,lumos_ct_215,2,58,True,True
216,0,lumos_x_216/lumos_x_216_1.Dcm,lumos_x_216/lumos_x_216_2.Dcm,lumos_ct_211_280_dcm.zip,lumos_ct_216,2,67,True,True
217,0,lumos_x_217/lumos_x_217_1.Dcm,lumos_x_217/lumos_x_217_2.Dcm,lumos_ct_211_280_dcm.zip,lumos_ct_217,2,68,True,True
218,0,lumos_x_218/lumos_x_218_1.Dcm,lumos_x_218/lumos_x_218_2.Dcm,lumos_ct_211_280_dcm.zip,lumos_ct_218,2,56,True,True
219,0,lumos_x_219/lumos_x_219_1.Dcm,lumos_x_219/lumos_x_219_2.Dcm,lumos_ct_211_280_dcm.zip,lumos_ct_219,2,284,True,True
220,0,lumos_x_220/lumos_x_220_1.Dcm,lumos_x_220/lumos_x_220_2.Dcm,lumos_ct_211_280_dcm.zip,lumos_ct_220,2,283,True,True
221,0,lumos_x_221/lumos_x_221_1.Dcm,lumos_x_221/lumos_x_221_2.Dcm,lumos_ct_211_280_dcm.zip,lumos_ct_221,2,224,True,True
222,2,lumos_x_222/lumos_x_222_1.Dcm,lumos_x_222/lumos_x_222_2.Dcm,lumos_ct_211_280_dcm.zip,lumos_ct_222,2,100,True,True
223,0,lumos_x_223/lumos_x_223_1.Dcm,lumos_x_223/lumos_x_223_2.Dcm,lumos_ct_211_280_dcm.zip,lumos_ct_223,2,97,True,True
224,0,lumos_x_224/lumos_x_224_1.Dcm,lumos_x_224/lumos_x_224_2.Dcm,lumos_ct_211_280_dcm.zip,lumos_ct_224,2,357,True,True
225,0,lumos_x_225/lumos_x_225_1.Dcm,lumos_x_225/lumos_x_225_2.Dcm,lumos_ct_211_280_dcm.zip,lumos_ct_225,2,100,True,True
226,0,lumos_x_226/lumos_x_226_1.Dcm,lumos_x_226/lumos_x_226_2.Dcm,lumos_ct_211_280_dcm.zip,lumos_ct_226,2,54,True,True
227,2,lumos_x_227/lumos_x_227_1.Dcm,lumos_x_227/lumos_x_227_2.Dcm,lumos_ct_211_280_dcm.zip,lumos_ct_227,2,98,True,True
228,1,lumos_x_228/lumos_x_228_1.Dcm,lumos_x_228/lumos_x_228_2.Dcm,lumos_ct_211_280_dcm.zip,lumos_ct_228,2,62,True,True
229,1,lumos_x_229/lumos_x_229_1.Dcm,lumos_x_229/lumos_x_229_2.Dcm,lumos_ct_211_280_dcm.zip,lumos_ct_229,2,228,True,True
230,1,lumos_x_230/lumos_x_230_1.Dcm,lumos_x_230/lumos_x_230_2.Dcm,lumos_ct_211_280_dcm.zip,lumos_ct_230,2,244,True,True
231,2,lumos_x_231/lumos_x_231_1.Dcm,lumos_x_231/lumos_x_231_2.Dcm,lumos_ct_211_280_dcm.zip,lumos_ct_231,2,225,True,True
232,0,lumos_x_232/lumos_x_232_1.Dcm,lumos_x_232/lumos_x_232_2.Dcm,lumos_ct_211_280_dcm.zip,lumos_ct_232,2,293,True,True
233,2,lumos_x_233/lumos_x_233_1.Dcm,lumos_x_233/lumos_x_233_2.Dcm,lumos_ct_211_280_dcm.zip,lumos_ct_233,2,248,True,True
234,1,lumos_x_234/lumos_x_234_1.Dcm,lumos_x_234/lumos_x_234_2.Dcm,lumos_ct_211_280_dcm.zip,lumos_ct_234,2,248,True,True
235,2,lumos_x_235/lumos_x_235_1.Dcm,lumos_x_235/lumos_x_235_2.Dcm,lumos_ct_211_280_dcm.zip,lumos_ct_235,2,74,True,True
236,1,lumos_x_236/lumos_x_236_1.Dcm,lumos_x_236/lumos_x_236_2.Dcm,lumos_ct_211_280_dcm.zip,lumos_ct_236,2,307,True,True
237,1,lumos_x_237/lumos_x_237_1.Dcm,lumos_x_237/lumos_x_237_2.Dcm,lumos_ct_211_280_dcm.zip,lumos_ct_237,2,262,True,True
238,0,lumos_x_238/lumos_x_238_1.Dcm,lumos_x_238/lumos_x_238_2.Dcm,lumos_ct_211_280_dcm.zip,lumos_ct_238,2,240,True,True
239,2,lumos_x_239/lumos_x_239_1.Dcm,lumos_x_239/lumos_x_239_2.Dcm,lumos_ct_211_280_dcm.zip,lumos_ct_239,2,241,True,True
240,1,lumos_x_240/lumos_x_240_1.Dcm,lumos_x_240/lumos_x_240_2.Dcm,lumos_ct_211_280_dcm.zip,lumos_ct_240,2,277,True,True
241,2,lumos_x_241/lumos_x_241_1.Dcm,lumos_x_241/lumos_x_241_2.Dcm,lumos_ct_211_280_dcm.zip,lumos_ct_241,2,311,True,True
243,0,lumos_x_243/lumos_x_243_1.Dcm,lumos_x_243/lumos_x_243_2.Dcm,lumos_ct_211_280_dcm.zip,lumos_ct_243,2,253,True,True
244,0,lumos_x_244/lumos_x_244_1.Dcm,lumos_x_244/lumos_x_244_2.Dcm,lumos_ct_211_280_dcm.zip,lumos_ct_244,2,280,True,True
245,2,lumos_x_245/lumos_x_245_1.Dcm,lumos_x_245/lumos_x_245_2.Dcm,lumos_ct_211_280_dcm.zip,lumos_ct_245,2,248,True,True
246,2,lumos_x_246/lumos_x_246_1.Dcm,lumos_x_246/lumos_x_246_2.Dcm,lumos_ct_211_280_dcm.zip,lumos_ct_246,2,320,True,True
247,0,lumos_x_247/lumos_x_247_1.Dcm,lumos_x_247/lumos_x_247_2.Dcm,lumos_ct_211_280_dcm.zip,lumos_ct_247,2,244,True,True
248,1,lumos_x_248/lumos_x_248_1.Dcm,lumos_x_248/lumos_x_248_2.Dcm,lumos_ct_211_280_dcm.zip,lumos_ct_248,2,333,True,True
249,0,lumos_x_249/lumos_x_249_1.Dcm,lumos_x_249/lumos_x_249_2.Dcm,lumos_ct_211_280_dcm.zip,lumos_ct_249,2,292,True,True
250,0,lumos_x_250/lumos_x_250_1.Dcm,lumos_x_250/lumos_x_250_2.Dcm,lumos_ct_211_280_dcm.zip,lumos_ct_250,2,168,True,True
251,0,lumos_x_251/lumos_x_251_1.Dcm,lumos_x_251/lumos_x_251_2.Dcm,lumos_ct_211_280_dcm.zip,lumos_ct_251,2,295,True,True
252,0,lumos_x_252/lumos_x_252_1.Dcm,lumos_x_252/lumos_x_252_2.Dcm,lumos_ct_211_280_dcm.zip,lumos_ct_252,2,298,True,True
253,2,lumos_x_253/lumos_x_253_1.Dcm,lumos_x_253/lumos_x_253_2.Dcm,lumos_ct_211_280_dcm.zip,lumos_ct_253,2,84,True,True
254,1,lumos_x_254/lumos_x_254_1.Dcm,lumos_x_254/lumos_x_254_2.Dcm,lumos_ct_211_280_dcm.zip,lumos_ct_254,2,264,True,True
255,0,lumos_x_255/lumos_x_255_1.Dcm,lumos_x_255/lumos_x_255_2.Dcm,lumos_ct_211_280_dcm.zip,lumos_ct_255,2,188,True,True
256,2,lumos_x_256/lumos_x_256_1.Dcm,lumos_x_256/lumos_x_256_2.Dcm,lumos_ct_211_280_dcm.zip,lumos_ct_256,2,376,True,True
257,0,lumos_x_257/lumos_x_257_1.Dcm,lumos_x_257/lumos_x_257_2.Dcm,lumos_ct_211_280_dcm.zip,lumos_ct_257,2,219,True,True
258,0,lumos_x_258/lumos_x_258_1.Dcm,lumos_x_258/lumos_x_258_2.Dcm,lumos_ct_211_280_dcm.zip,lumos_ct_258,2,244,True,True
259,2,lumos_x_259/lumos_x_259_1.Dcm,lumos_x_259/lumos_x_259_2.Dcm,lumos_ct_211_280_dcm.zip,lumos_ct_259,2,216,True,True
260,0,lumos_x_260/lumos_x_260_1.Dcm,lumos_x_260/lumos_x_260_2.Dcm,lumos_ct_211_280_dcm.zip,lumos_ct_260,2,291,True,True
261,2,lumos_x_261/lumos_x_261_1.Dcm,lumos_x_261/lumos_x_261_2.Dcm,lumos_ct_211_280_dcm.zip,lumos_ct_261,2,288,True,True
262,0,lumos_x_262/lumos_x_262_1.Dcm,lumos_x_262/lumos_x_262_2.Dcm,lumos_ct_211_280_dcm.zip,lumos_ct_262,2,275,True,True
263,1,lumos_x_263/lumos_x_263_1.Dcm,lumos_x_263/lumos_x_263_2.Dcm,lumos_ct_211_280_dcm.zip,lumos_ct_263,2,208,True,True
264,2,lumos_x_264/lumos_x_264_1.Dcm,lumos_x_264/lumos_x_264_2.Dcm,lumos_ct_211_280_dcm.zip,lumos_ct_264,2,262,True,True
265,0,lumos_x_265/lumos_x_265_1.Dcm,lumos_x_265/lumos_x_265_2.Dcm,lumos_ct_211_280_dcm.zip,lumos_ct_265,2,209,True,True
266,0,lumos_x_266/lumos_x_266_1.Dcm,lumos_x_266/lumos_x_266_2.Dcm,lumos_ct_211_280_dcm.zip,lumos_ct_266,2,267,True,True
267,1,lumos_x_267/lumos_x_267_1.Dcm,lumos_x_267/lumos_x_267_2.Dcm,lumos_ct_211_280_dcm.zip,lumos_ct_267,2,296,True,True
268,2,lumos_x_268/lumos_x_268_1.Dcm,lumos_x_268/lumos_x_268_2.Dcm,lumos_ct_211_280_dcm.zip,lumos_ct_268,2,310,True,True
269,0,lumos_x_269/lumos_x_269_1.Dcm,lumos_x_269/lumos_x_269_2.Dcm,lumos_ct_211_280_dcm.zip,lumos_ct_269,2,266,True,True
270,2,lumos_x_270/lumos_x_270_1.Dcm,lumos_x_270/lumos_x_270_2.Dcm,lumos_ct_211_280_dcm.zip,lumos_ct_270,2,244,True,True
271,0,lumos_x_271/lumos_x_271_1.Dcm,lumos_x_271/lumos_x_271_2.Dcm,lumos_ct_211_280_dcm.zip,lumos_ct_271,2,298,True,True
272,0,lumos_x_272/lumos_x_272_1.Dcm,lumos_x_272/lumos_x_272_2.Dcm,lumos_ct_211_280_dcm.zip,lumos_ct_272,2,280,True,True
273,1,lumos_x_273/lumos_x_273_1.Dcm,lumos_x_273/lumos_x_273_2.Dcm,lumos_ct_211_280_dcm.zip,lumos_ct_273,2,382,True,True
274,2,lumos_x_274/lumos_x_274_1.Dcm,lumos_x_274/lumos_x_274_2.Dcm,lumos_ct_211_280_dcm.zip,lumos_ct_274,2,248,True,True
275,2,lumos_x_275/lumos_x_275_1.Dcm,lumos_x_275/lumos_x_275_2.Dcm,lumos_ct_211_280_dcm.zip,lumos_ct_275,2,220,True,True
276,2,lumos_x_276/lumos_x_276_1.Dcm,lumos_x_276/lumos_x_276_2.Dcm,lumos_ct_211_280_dcm.zip,lumos_ct_276,2,319,True,True
277,0,lumos_x_277/lumos_x_277_1.Dcm,lumos_x_277/lumos_x_277_2.Dcm,lumos_ct_211_280_dcm.zip,lumos_ct_277,2,162,True,True
278,0,lumos_x_278/lumos_x_278_1.Dcm,lumos_x_278/lumos_x_278_2.Dcm,lumos_ct_211_280_dcm.zip,lumos_ct_278,2,280,True,True
279,0,lumos_x_279/lumos_x_279_1.Dcm,lumos_x_279/lumos_x_279_2.Dcm,lumos_ct_211_280_dcm.zip,lumos_ct_279,2,251,True,True
280,1,lumos_x_280/lumos_x_280_1.Dcm,lumos_x_280/lumos_x_280_2.Dcm,lumos_ct_211_280_dcm.zip,lumos_ct_280,2,176,True,True
