patient_id,dicom_count,label,sample_file,has_ap,has_lateral,strict_xray_pair,multimodal_eligible
141,284,2,lumos_ct_141/lumos_ct_141_192.Dcm,True,True,True,True
142,73,2,lumos_ct_142/lumos_ct_142_051.Dcm,True,True,True,True
143,57,1,lumos_ct_143/lumos_ct_143_040.Dcm,True,True,True,True
144,61,2,lumos_ct_144/lumos_ct_144_028.Dcm,True,True,True,True
145,100,0,lumos_ct_145/lumos_ct_145_039.Dcm,True,True,True,True
146,94,0,lumos_ct_146/lumos_ct_146_059.Dcm,True,True,True,True
147,376,0,lumos_ct_147/lumos_ct_147_128.Dcm,True,True,True,True
148,86,0,lumos_ct_148/lumos_ct_148_026.Dcm,True,True,True,True
149,61,1,lumos_ct_149/lumos_ct_149_037.Dcm,True,True,True,True
150,304,2,lumos_ct_150/lumos_ct_150_197.Dcm,True,True,True,True
151,62,0,lumos_ct_151/lumos_ct_151_019.Dcm,True,True,True,True
152,252,0,lumos_ct_152/lumos_ct_152_079.Dcm,True,True,True,True
153,274,0,lumos_ct_153/lumos_ct_153_256.Dcm,True,True,True,True
154,66,1,lumos_ct_154/lumos_ct_154_028.Dcm,True,True,True,True
155,376,2,lumos_ct_155/lumos_ct_155_207.Dcm,True,True,True,True
156,83,0,lumos_ct_156/lumos_ct_156_059.Dcm,True,True,True,True
157,61,2,lumos_ct_157/lumos_ct_157_048.Dcm,True,True,True,True
158,77,1,lumos_ct_158/lumos_ct_158_032.Dcm,True,True,True,True
159,376,1,lumos_ct_159/lumos_ct_159_023.Dcm,True,True,True,True
160,252,2,lumos_ct_160/lumos_ct_160_113.Dcm,True,True,True,True
161,332,1,lumos_ct_161/lumos_ct_161_102.Dcm,True,True,True,True
162,260,0,lumos_ct_162/lumos_ct_162_002.Dcm,True,True,True,True
163,67,2,lumos_ct_163/lumos_ct_163_013.Dcm,True,True,True,True
164,252,1,lumos_ct_164/lumos_ct_164_053.Dcm,True,True,True,True
165,77,2,lumos_ct_165/lumos_ct_165_042.Dcm,True,True,True,True
166,61,1,lumos_ct_166/lumos_ct_166_036.Dcm,True,True,True,True
167,61,0,lumos_ct_167/lumos_ct_167_027.Dcm,True,True,True,True
168,132,1,lumos_ct_168/lumos_ct_168_075.Dcm,True,True,True,True
169,82,0,lumos_ct_169/lumos_ct_169_064.Dcm,True,True,True,True
170,322,1,lumos_ct_170/lumos_ct_170_305.Dcm,True,True,True,True
171,246,1,lumos_ct_171/lumos_ct_171_116.Dcm,True,True,True,True
172,96,0,lumos_ct_172/lumos_ct_172_016.Dcm,True,False,False,False
173,73,0,lumos_ct_173/lumos_ct_173_007.Dcm,True,True,True,True
174,248,1,lumos_ct_174/lumos_ct_174_047.Dcm,True,True,True,True
175,285,0,lumos_ct_175/lumos_ct_175_254.Dcm,True,True,True,True
176,256,1,lumos_ct_176/lumos_ct_176_195.Dcm,True,True,True,True
177,65,2,lumos_ct_177/lumos_ct_177_033.Dcm,True,True,True,True
178,60,0,lumos_ct_178/lumos_ct_178_049.Dcm,True,True,True,True
179,84,1,lumos_ct_179/lumos_ct_179_070.Dcm,True,True,True,True
180,150,1,lumos_ct_180/lumos_ct_180_046.Dcm,True,True,True,True
181,252,1,lumos_ct_181/lumos_ct_181_241.Dcm,True,True,True,True
182,93,2,lumos_ct_182/lumos_ct_182_023.Dcm,True,True,True,True
183,67,2,lumos_ct_183/lumos_ct_183_032.Dcm,True,True,True,True
184,363,0,lumos_ct_184/lumos_ct_184_304.Dcm,True,True,True,True
185,304,1,lumos_ct_185/lumos_ct_185_117.Dcm,True,True,True,True
186,376,0,lumos_ct_186/lumos_ct_186_017.Dcm,True,True,True,True
187,193,1,lumos_ct_187/lumos_ct_187_006.Dcm,True,True,True,True
188,255,1,lumos_ct_188/lumos_ct_188_120.Dcm,True,True,True,True
189,224,2,lumos_ct_189/lumos_ct_189_131.Dcm,True,True,True,True
190,52,0,lumos_ct_190/lumos_ct_190_052.Dcm,True,True,True,True
191,248,2,lumos_ct_191/lumos_ct_191_241.Dcm,True,True,True,True
192,87,2,lumos_ct_192/lumos_ct_192_037.Dcm,True,False,False,False
193,56,1,lumos_ct_193/lumos_ct_193_026.Dcm,True,True,True,True
194,240,0,lumos_ct_194/lumos_ct_194_112.Dcm,True,True,True,True
195,256,2,lumos_ct_195/lumos_ct_195_103.Dcm,True,True,True,True
196,255,0,lumos_ct_196/lumos_ct_196_003.Dcm,True,True,True,True
197,58,0,lumos_ct_197/lumos_ct_197_012.Dcm,True,True,True,True
198,240,1,lumos_ct_198/lumos_ct_198_134.Dcm,True,True,True,True
199,63,1,lumos_ct_199/lumos_ct_199_051.Dcm,True,True,True,True
200,100,0,lumos_ct_200/lumos_ct_200_036.Dcm,True,True,True,True
201,338,0,lumos_ct_201/lumos_ct_201_153.Dcm,True,True,True,True
202,256,2,lumos_ct_202/lumos_ct_202_090.Dcm,True,True,True,True
203,295,0,lumos_ct_203/lumos_ct_203_283.Dcm,True,True,True,True
204,61,0,lumos_ct_204/lumos_ct_204_002.Dcm,True,False,False,False
205,223,2,lumos_ct_205/lumos_ct_205_211.Dcm,True,True,True,True
206,281,0,lumos_ct_206/lumos_ct_206_113.Dcm,True,True,True,True
207,74,1,lumos_ct_207/lumos_ct_207_062.Dcm,True,True,True,True
208,85,0,lumos_ct_208/lumos_ct_208_018.Dcm,True,True,True,True
209,67,2,lumos_ct_209/lumos_ct_209_009.Dcm,True,True,True,True
210,113,2,lumos_ct_210/lumos_ct_210_022.Dcm,True,True,True,True
