patient_id,shape,kernel,slice_thickness,slice_count,hu_min,hu_max,hu_mean,fraction_lt_-1500,fraction_lt_-1200,fraction_lt_-1000,fraction_eq_-2048,fraction_eq_-3024
1,"(58, 512, 512)",C,4.0,58,-1024.0,1326.0,-118.70287322998047,0.0,0.0,0.008780446545831088,0.0,0.0
2,"(100, 512, 512)",D,3.0,100,-1024.0,1677.0,-293.1300048828125,0.0,0.0,0.06194465637207031,0.0,0.0
3,"(260, 512, 512)",B,1.0,260,-1024.0,3071.0,-134.8152313232422,0.0,0.0,0.005678147536057693,0.0,0.0
4,"(62, 512, 512)",C,4.0,62,-1024.0,1241.0,-122.57076263427734,0.0,0.0,0.0007191319619455646,0.0,0.0
5,"(291, 512, 512)",STANDARD,1.25,291,-1399.0,3289.0,-339.7322692871094,0.0,3.1068152988079897e-06,0.21641211493318432,0.0,0.0
6,"(52, 512, 512)",C,4.0,52,-1024.0,1308.0,-190.80288696289062,0.0,0.0,0.0031296656681941105,0.0,0.0
7,"(236, 512, 512)",B,1.0,236,-1024.0,3071.0,-158.30284118652344,0.0,0.0,0.00430512832382978,0.0,0.0
9,"(61, 512, 512)",C,4.0,61,-1024.0,1477.0,-112.11837005615234,0.0,0.0,4.052334144467213e-05,0.0,0.0
10,"(118, 512, 512)",A,2.0,118,-1024.0,3071.0,-203.99705505371094,0.0,0.0,0.0037198147531283103,0.0,0.0
11,"(71, 512, 512)",C,4.0,71,-1024.0,3071.0,-97.72633361816406,0.0,0.0,0.0013863469513369277,0.0,0.0
12,"(100, 512, 512)",D,3.0,100,-1024.0,1512.0,-207.18902587890625,0.0,0.0,0.02026313781738281,0.0,0.0
13,"(58, 512, 512)",C,4.0,58,-1024.0,3071.0,-141.18128967285156,0.0,0.0,0.003790690981108567,0.0,0.0
14,"(256, 512, 512)",B,1.0,256,-1024.0,3071.0,-264.60235595703125,0.0,0.0,0.004125446081161499,0.0,0.0
15,"(67, 512, 512)",B80s,4.0,67,-1024.0,3031.0,-172.1585235595703,0.0,0.0,0.026173776655054805,0.0,0.0
16,"(268, 512, 512)",B,1.0,268,-1024.0,1491.0,-131.52688598632812,0.0,0.0,0.00241708043795913,0.0,0.0
17,"(66, 512, 512)",C,4.0,66,-1024.0,1628.0,-211.52015686035156,0.0,0.0,0.0045807000362511835,0.0,0.0
18,"(67, 512, 512)",C,4.0,67,-1024.0,1374.0,-68.92093658447266,0.0,0.0,0.0003836332862056903,0.0,0.0
19,"(57, 512, 512)",C,4.0,57,-1024.0,3071.0,-117.53524780273438,0.0,0.0,0.007144392582408169,0.0,0.0
20,"(61, 512, 512)",FC08,5.0,61,-1062.0,2200.0,-292.76318359375,0.0,0.0,0.21743311647508964,0.0,0.0
21,"(53, 512, 512)",C,4.0,53,-1024.0,3071.0,-89.54826354980469,0.0,0.0,0.0003076949209537146,0.0,0.0
22,"(244, 512, 512)",B,1.0,244,-1024.0,3071.0,-136.6122283935547,0.0,0.0,0.0016973057731253201,0.0,0.0
23,"(91, 512, 512)",D,3.0,91,-1024.0,3071.0,-322.7668762207031,0.0,0.0,0.09924723027826665,0.0,0.0
25,"(100, 512, 512)",D,3.0,100,-1024.0,3071.0,-221.5995330810547,0.0,0.0,0.027675666809082032,0.0,0.0
26,"(50, 512, 512)",C,4.0,50,-1024.0,3071.0,-141.27706909179688,0.0,0.0,0.004067611694335937,0.0,0.0
27,"(63, 512, 512)",C,4.0,63,-1024.0,1295.0,-146.84927368164062,0.0,0.0,0.0020546686081659225,0.0,0.0
28,"(54, 512, 512)",FC08,5.0,54,-1048.0,1929.0,-267.2926940917969,0.0,0.0,0.21484996654369212,0.0,0.0
29,"(75, 512, 512)",A,4.0,75,-1024.0,3071.0,-194.94895935058594,0.0,0.0,0.0049364725748697914,0.0,0.0
30,"(66, 512, 512)",A,4.0,66,-1024.0,3071.0,-162.57456970214844,0.0,0.0,0.0015800360477331913,0.0,0.0
31,"(65, 512, 512)",A,4.0,65,-1024.0,3071.0,-197.94375610351562,0.0,0.0,0.00021714430588942306,0.0,0.0
32,"(61, 512, 512)",FC08,5.0,61,-1067.0,10785.0,-286.0630187988281,0.0,0.0,0.2151977038774334,0.0,0.0
33,"(260, 512, 512)",B,1.0,260,-1024.0,3071.0,-212.06027221679688,0.0,0.0,0.013310461777907151,0.0,0.0
34,"(81, 512, 512)",D,3.0,81,-1024.0,2117.0,-280.4264221191406,0.0,0.0,0.013113327968267747,0.0,0.0
35,"(128, 512, 512)",A,2.0,128,-1024.0,3071.0,-139.49916076660156,0.0,0.0,5.334615707397461e-06,0.0,0.0
36,"(386, 512, 512)",STANDARD,1.25,386,-4509.0,13889.0,-520.6166381835938,8.884489227453043e-06,4.406667126275097e-05,0.29413978299946364,0.0,0.0
37,"(256, 512, 512)",B,1.0,256,-1024.0,1751.0,-99.58202362060547,0.0,0.0,0.00035355985164642334,0.0,0.0
38,"(292, 512, 512)",B,1.0,292,-1024.0,3071.0,-158.94090270996094,0.0,0.0,0.004736573728796554,0.0,0.0
39,"(216, 512, 512)",STANDARD,1.25,216,-1385.0,1675.0,-290.1379699707031,0.0,8.441783763744212e-06,0.21434515493887443,0.0,0.0
40,"(244, 512, 512)",B,1.0,244,-1024.0,1712.0,-195.55804443359375,0.0,0.0,0.003583564132940574,0.0,0.0
41,"(247, 512, 512)",B,1.0,247,-1024.0,3071.0,-109.17037200927734,0.0,0.0,0.004772881264628669,0.0,0.0
42,"(79, 512, 512)",D,3.0,79,-1024.0,3071.0,-210.74227905273438,0.0,0.0,0.04640661312054984,0.0,0.0
43,"(61, 512, 512)",FC08,5.0,61,-1794.0,9094.0,-351.8412170410156,6.253602074795081e-07,2.6265128714139344e-06,0.21889470835201075,0.0,0.0
44,"(100, 512, 512)",D,3.0,100,-1024.0,1741.0,-87.940185546875,0.0,0.0,0.01134296417236328,0.0,0.0
45,"(64, 512, 512)",A,4.0,64,-1024.0,3071.0,-142.41299438476562,0.0,0.0,0.0013055801391601562,0.0,0.0
46,"(244, 512, 512)",B,1.0,244,-1024.0,3071.0,-186.65509033203125,0.0,0.0,0.0041368359425028815,0.0,0.0
48,"(376, 512, 512)",FC08,1.0,376,-1751.0,7402.0,-351.7412414550781,2.3334584337599733e-07,4.585753095910904e-06,0.22065759212412733,0.0,0.0
49,"(64, 512, 512)",A,4.0,64,-1024.0,3071.0,-110.53070068359375,0.0,0.0,0.0010480284690856934,0.0,0.0
50,"(292, 512, 512)",B,1.0,292,-1024.0,3071.0,-112.36900329589844,0.0,0.0,0.0002420503799229452,0.0,0.0
51,"(61, 512, 512)",FC08,5.0,61,-1048.0,1667.0,-436.7471923828125,0.0,0.0,0.21506594048171748,0.0,0.0
52,"(67, 512, 512)",C,4.0,67,-1024.0,3071.0,-30.6339054107666,0.0,0.0,0.0007746682238222947,0.0,0.0
53,"(87, 512, 512)",D,3.0,87,-1024.0,1661.0,-85.90571594238281,0.0,0.0,0.006957043176409842,0.0,0.0
54,"(61, 512, 512)",C,4.0,61,-1024.0,3071.0,-152.35800170898438,0.0,0.0,0.00010474783475281763,0.0,0.0
55,"(62, 512, 512)",B80s,4.0,62,-1024.0,2715.0,-70.94824981689453,0.0,0.0,0.02132969517861643,0.0,0.0
56,"(270, 512, 512)",B_SOFT_C,1.0,270,-1023.0,1407.0,-108.09214782714844,0.0,0.0,0.005200689810293692,0.0,0.0
57,"(75, 512, 512)",D,3.0,75,-1024.0,3071.0,-164.9424285888672,0.0,0.0,0.014010518391927084,0.0,0.0
58,"(54, 512, 512)",FC35,5.0,54,-12341.0,32767.0,-255.2576141357422,2.7833161530671298e-05,9.34600830078125e-05,0.22678438822428384,0.0,0.0
59,"(80, 512, 512)",D,3.0,80,-1024.0,3071.0,-197.7637481689453,0.0,0.0,0.04873757362365723,0.0,0.0
60,"(251, 512, 512)",STANDARD,1.25,251,-1175.0,1367.0,-227.76300048828125,0.0,0.0,0.2128274165301684,0.0,0.0
61,"(266, 512, 512)",STANDARD,1.25,266,-1268.0,1457.0,-276.09979248046875,0.0,3.5852417910009397e-07,0.21382700411000646,0.0,0.0
62,"(268, 512, 512)",B,1.0,268,-1024.0,1769.0,-74.06525421142578,0.0,0.0,5.905663789208256e-05,0.0,0.0
63,"(244, 512, 512)",B,1.0,244,-1024.0,1569.0,-192.97149658203125,0.0,0.0,0.01820726863673476,0.0,0.0
64,"(368, 512, 512)","['Br40s', '2']",1.0,368,-1024.0,2046.0,-105.26390838623047,0.0,0.0,0.0026716564012610393,0.0,0.0
65,"(242, 512, 512)",B_VSHARP_B,1.0,242,-1023.0,2647.0,-101.91414642333984,0.0,0.0,0.04816345340949445,0.0,0.0
66,"(256, 512, 512)",B,1.0,256,-1024.0,3071.0,-100.51915740966797,0.0,0.0,0.0011607557535171509,0.0,0.0
67,"(280, 512, 512)",B,1.0,280,-1024.0,2546.0,-130.6416778564453,0.0,0.0,0.005036912645612444,0.0,0.0
68,"(91, 512, 512)",D,3.0,91,-1024.0,3071.0,-253.3391571044922,0.0,0.0,0.015865158248733687,0.0,0.0
69,"(66, 512, 512)",C,4.0,66,-1024.0,3071.0,-70.70498657226562,0.0,0.0,0.0004318121707800663,0.0,0.0
70,"(62, 512, 512)",C,4.0,62,-1024.0,3071.0,-135.0729522705078,0.0,0.0,0.008058055754630797,0.0,0.0
71,"(70, 512, 512)",A,4.0,70,-1024.0,3071.0,-67.0369873046875,0.0,0.0,0.002124786376953125,0.0,0.0
72,"(52, 512, 512)",A,4.0,52,-1024.0,3071.0,-137.65151977539062,0.0,0.0,0.0014677047729492188,0.0,0.0
73,"(61, 512, 512)",FC08,5.0,61,-1375.0,3686.0,-336.7008972167969,0.0,1.6259365394467212e-06,0.21962781812323898,0.0,0.0
74,"(54, 512, 512)",FC08,5.0,54,-1053.0,1993.0,-442.6401062011719,0.0,0.0,0.2168784671359592,0.0,0.0
75,"(212, 512, 512)",B,1.0,212,-1024.0,3071.0,-327.5550537109375,0.0,0.0,0.05356385572901312,0.0,0.0
76,"(100, 512, 512)",D,3.0,100,-1024.0,3071.0,-242.0370330810547,0.0,0.0,0.04574134826660156,0.0,0.0
77,"(310, 512, 512)",FC08,1.0,310,-1094.0,11446.0,-339.1436767578125,0.0,0.0,0.21669640079621347,0.0,0.0
78,"(66, 512, 512)",C,4.0,66,-1024.0,1184.0,-162.73094177246094,0.0,0.0,0.0005961331454190341,0.0,0.0
79,"(75, 512, 512)",C,4.0,75,-1024.0,1402.0,-163.96981811523438,0.0,0.0,0.00179168701171875,0.0,0.0
80,"(74, 512, 512)",C,4.0,74,-1024.0,1406.0,-151.46011352539062,0.0,0.0,0.001086570121146537,0.0,0.0
81,"(100, 512, 512)",D,3.0,100,-1024.0,1869.0,-225.4568328857422,0.0,0.0,0.017851409912109376,0.0,0.0
82,"(60, 512, 512)",C,4.0,60,-1024.0,1531.0,-56.00954055786133,0.0,0.0,0.0003071467081705729,0.0,0.0
83,"(88, 512, 512)",D,3.0,88,-1024.0,1537.0,-84.9759750366211,0.0,0.0,0.0041509108109907674,0.0,0.0
84,"(268, 512, 512)",B,1.0,268,-1024.0,3071.0,-104.74459075927734,0.0,0.0,0.0011462595925402286,0.0,0.0
85,"(67, 512, 512)",YB,4.0,67,-1024.0,3071.0,-177.11221313476562,0.0,0.0,0.037689152048594916,0.0,0.0
86,"(61, 512, 512)",FC08,5.0,61,-1389.0,9029.0,-397.7880554199219,0.0,7.504322489754098e-07,0.2179338423932185,0.0,0.0
87,"(55, 512, 512)",FC08,5.0,55,-1048.0,1742.0,-352.94830322265625,0.0,0.0,0.21621204723011364,0.0,0.0
88,"(61, 512, 512)",FC08,5.0,61,-1032.0,1617.0,-369.4429626464844,0.0,0.0,0.22210968517866292,0.0,0.0
89,"(100, 512, 512)",D,3.0,100,-1024.0,1625.0,-137.0063018798828,0.0,0.0,0.019710731506347657,0.0,0.0
90,"(241, 512, 512)",B_SOFT_C,1.0,241,-1023.0,1827.0,-513.0089111328125,0.0,0.0,0.13466916539362359,0.0,0.0
91,"(59, 512, 512)",FC08,5.0,59,-1033.0,1731.0,-328.12890625,0.0,0.0,0.2166001917952198,0.0,0.0
92,"(61, 512, 512)",FC08,5.0,61,-1039.0,1777.0,-267.980712890625,0.0,0.0,0.2152338496974257,0.0,0.0
93,"(88, 512, 512)",D,3.0,88,-1024.0,1667.0,-115.41110229492188,0.0,0.0,0.004416725852272727,0.0,0.0
94,"(264, 512, 512)",B,1.0,264,-1024.0,3071.0,-81.9869384765625,0.0,0.0,0.0030862923824425898,0.0,0.0
95,"(61, 512, 512)",FC35,5.0,61,-3403.0,11419.0,-281.8248596191406,5.878385950307377e-06,0.00015521440349641394,0.23062271368308146,0.0,0.0
96,"(55, 512, 512)",B80s,4.0,55,-1024.0,3071.0,-175.19215393066406,0.0,0.0,0.030735362659801136,0.0,0.0
97,"(277, 512, 512)",B_SOFT_C,1.0,277,-1023.0,1356.0,-31.172954559326172,0.0,0.0,0.0003100508817266471,0.0,0.0
98,"(129, 512, 512)",YB,2.0,129,-1024.0,2117.0,-109.17247009277344,0.0,0.0,0.02035081848617672,0.0,0.0
99,"(61, 512, 512)",C,4.0,61,-1024.0,1297.0,-159.36801147460938,0.0,0.0,0.00029404436955686474,0.0,0.0
100,"(100, 512, 512)",D,3.0,100,-1024.0,2140.0,-293.4561462402344,0.0,0.0,0.008482551574707032,0.0,0.0
101,"(488, 512, 512)",FC08,1.0,488,-1664.0,10940.0,-294.2808532714844,1.797910596503586e-07,1.6751836557857325e-05,0.21723798845635087,0.0,0.0
102,"(256, 512, 512)",B,1.0,256,-1024.0,3071.0,-228.61859130859375,0.0,0.0,0.00048741698265075684,0.0,0.0
103,"(55, 512, 512)",A,4.0,55,-1012.0,1427.0,-54.15083312988281,0.0,0.0,3.849376331676137e-05,0.0,0.0
104,"(139, 512, 512)",A,2.0,139,-1024.0,1397.0,-144.7705078125,0.0,0.0,0.003002276523507756,0.0,0.0
105,"(245, 512, 512)",B_VSHARP_B,1.0,245,-1023.0,2374.0,-183.06997680664062,0.0,0.0,0.03740508410395408,0.0,0.0
106,"(86, 512, 512)",D,3.0,86,-1024.0,1433.0,-90.72412872314453,0.0,0.0,0.002514284710551417,0.0,0.0
107,"(68, 512, 512)",B80s,4.0,68,-1024.0,3071.0,-113.19244384765625,0.0,0.0,0.0298305399277631,0.0,0.0
108,"(245, 512, 512)",B,1.0,245,-1024.0,1817.0,-187.37818908691406,0.0,0.0,0.0011204310825892857,0.0,0.0
109,"(228, 512, 512)",B,1.0,228,-1024.0,1699.0,-150.43235778808594,0.0,0.0,0.0012107648347553454,0.0,0.0
110,"(376, 512, 512)",FC08,1.0,376,-1140.0,2827.0,-269.39398193359375,0.0,0.0,0.21537196382563165,0.0,0.0
111,"(313, 512, 512)",FC08,1.0,313,-1320.0,1780.0,-237.0798797607422,0.0,6.459391536042333e-07,0.21486646755815694,0.0,0.0
112,"(290, 512, 512)",B_SOFT_C,1.0,290,-1023.0,1879.0,-121.61956024169922,0.0,0.0,0.005171650853650323,0.0,0.0
113,"(268, 512, 512)",B,1.0,268,-1024.0,1746.0,-178.7429962158203,0.0,0.0,0.0006732655994927706,0.0,0.0
114,"(344, 512, 512)",FC08,1.0,344,-1092.0,1871.0,-290.79974365234375,0.0,0.0,0.21517854513123977,0.0,0.0
115,"(200, 512, 512)",B_SOFT_C,1.0,200,-1023.0,1971.0,-39.976951599121094,0.0,0.0,0.0011466598510742187,0.0,0.0
116,"(66, 512, 512)",FC35,5.0,66,-1533.0,2418.0,-375.14105224609375,5.779844341856061e-08,0.00020148537375710228,0.23777106313994437,0.0,0.0
117,"(224, 512, 512)",B,1.0,224,-1024.0,1794.0,-98.24938201904297,0.0,0.0,0.001491682870047433,0.0,0.0
118,"(259, 512, 512)",B41s,1.0,259,-1024.0,1662.0,-148.0063934326172,0.0,0.0,0.004535984348606419,0.0,0.0
119,"(57, 512, 512)",A,4.0,57,-1024.0,3071.0,-109.6796875,0.0,0.0,0.00326571548194216,0.0,0.0
120,"(99, 512, 512)",D,3.0,99,-1024.0,1529.0,-127.7125244140625,0.0,0.0,0.006578503233013731,0.0,0.0
121,"(63, 512, 512)",C,4.0,63,-1024.0,3071.0,-91.35446166992188,0.0,0.0,0.00023257543170262897,0.0,0.0
122,"(58, 512, 512)",C,4.0,58,-1024.0,3071.0,-217.59556579589844,0.0,0.0,0.020917432061557113,0.0,0.0
123,"(63, 512, 512)",C,4.0,63,-1024.0,1669.0,-84.32752227783203,0.0,0.0,0.0003689357212611607,0.0,0.0
124,"(55, 512, 512)",FC08,5.0,55,-1115.0,1662.0,-281.98699951171875,0.0,0.0,0.21577946056019176,0.0,0.0
125,"(99, 512, 512)",D,3.0,99,-1024.0,1640.0,-31.03546142578125,0.0,0.0,0.004705525407887468,0.0,0.0
126,"(85, 512, 512)",D,3.0,85,-1024.0,1561.0,-96.62666320800781,0.0,0.0,0.013694538789636949,0.0,0.0
127,"(252, 512, 512)",B,1.0,252,-1024.0,3071.0,-77.02159118652344,0.0,0.0,0.0019195647466750372,0.0,0.0
128,"(62, 512, 512)",C,4.0,62,-1024.0,1343.0,-96.53363037109375,0.0,0.0,0.0004721610776839718,0.0,0.0
129,"(61, 512, 512)",C,4.0,61,-1024.0,1377.0,-100.30796813964844,0.0,0.0,0.00037940603787781763,0.0,0.0
130,"(61, 512, 512)",FC08,5.0,61,-1100.0,8582.0,-304.2662353515625,0.0,0.0,0.22206328345126794,0.0,0.0
131,"(61, 512, 512)",FC08,5.0,61,-1037.0,1716.0,-283.3666687011719,0.0,0.0,0.21607452142434042,0.0,0.0
132,"(56, 512, 512)",C,4.0,56,-1024.0,1346.0,-134.4086151123047,0.0,0.0,0.0021873882838657926,0.0,0.0
133,"(61, 512, 512)",FC08,5.0,61,-1064.0,1681.0,-343.79827880859375,0.0,0.0,0.21648069287909835,0.0,0.0
134,"(300, 512, 512)","['Br40s', '2']",1.0,300,-1024.0,1791.0,6.020267963409424,0.0,0.0,0.0033344395955403647,0.0,0.0
135,"(186, 512, 512)",B_SOFT_C,1.0,186,-1023.0,10251.0,-155.419921875,0.0,0.0,0.0013868680564306116,0.0,0.0
136,"(264, 512, 512)",B,1.0,264,-1024.0,1352.0,-209.25967407226562,0.0,0.0,0.014546163154370857,0.0,0.0
137,"(298, 512, 512)",B,1.0,298,-1024.0,3071.0,-190.1850128173828,0.0,0.0,0.004134696602021288,0.0,0.0
138,"(238, 512, 512)",B,1.0,238,-1024.0,2126.0,-65.37825012207031,0.0,0.0,5.827831620929622e-05,0.0,0.0
139,"(256, 512, 512)",B,1.0,256,-1024.0,1410.0,-140.05343627929688,0.0,0.0,0.004120320081710815,0.0,0.0
141,"(284, 512, 512)",B,1.0,284,-1024.0,3071.0,-244.3678741455078,0.0,0.0,0.011440921837175396,0.0,0.0
142,"(73, 512, 512)",C,4.0,73,-1024.0,1357.0,-221.62188720703125,0.0,0.0,0.0009291139367508562,0.0,0.0
143,"(57, 512, 512)",C,4.0,57,-1024.0,1464.0,-118.81414794921875,0.0,0.0,7.696319044682018e-05,0.0,0.0
144,"(61, 512, 512)",FC08,5.0,61,-1345.0,3782.0,-354.8706359863281,0.0,5.002881659836066e-07,0.21731742483670594,0.0,0.0
145,"(100, 512, 512)",D,3.0,100,-1024.0,1544.0,-197.42507934570312,0.0,0.0,0.025314369201660157,0.0,0.0
146,"(47, 512, 512)",BONEPLUS,5.0,47,-1024.0,2158.0,-250.250244140625,0.0,0.0,0.213910366626496,0.0,0.0
147,"(376, 512, 512)",FC08,1.0,376,-1896.0,9186.0,-375.9197692871094,4.362552723986037e-07,1.937785047165891e-06,0.22715171854546728,0.0,0.0
148,"(86, 512, 512)",D,3.0,86,-1024.0,1919.0,-84.04866027832031,0.0,0.0,0.025411073551621546,0.0,0.0
149,"(61, 512, 512)",FC08,5.0,61,-1239.0,4955.0,-352.39422607421875,0.0,6.253602074795082e-08,0.2164591179519403,0.0,0.0
150,"(304, 512, 512)",B,1.0,304,-1024.0,1707.0,-148.00619506835938,0.0,0.0,0.003739633058246813,0.0,0.0
151,"(62, 512, 512)",C,4.0,62,-1024.0,1343.0,-137.31478881835938,0.0,0.0,0.0008495084701045867,0.0,0.0
152,"(252, 512, 512)",B,1.0,252,-1024.0,1509.0,-87.32926940917969,0.0,0.0,0.0011352811540876115,0.0,0.0
153,"(274, 512, 512)",B,1.0,274,-1024.0,3071.0,-109.43992614746094,0.0,0.0,0.001047719134031421,0.0,0.0
154,"(66, 512, 512)",C,4.0,66,-1024.0,1458.0,-150.54022216796875,0.0,0.0,0.000443949843897964,0.0,0.0
155,"(376, 512, 512)",FC08,1.0,376,-1249.0,3919.0,-374.18060302734375,0.0,4.0581885804521277e-07,0.2204594815031011,0.0,0.0
156,"(83, 512, 512)",D,3.0,83,-1024.0,1864.0,-255.7720489501953,0.0,0.0,0.030854098768119353,0.0,0.0
157,"(61, 512, 512)",B80s,4.0,61,-1024.0,2454.0,-137.03343200683594,0.0,0.0,0.02428104838386911,0.0,0.0
158,"(77, 512, 512)",A,4.0,77,-1024.0,1325.0,-71.70682525634766,0.0,0.0,0.0013142375202922078,0.0,0.0
159,"(376, 512, 512)",FC08,1.0,376,-3407.0,15443.0,-328.1316223144531,2.952332192278923e-06,8.441032247340426e-06,0.2198682338633436,0.0,0.0
160,"(252, 512, 512)",B,1.0,252,-1024.0,1246.0,-126.49696350097656,0.0,0.0,0.0007679046146453373,0.0,0.0
161,"(332, 512, 512)",FC08,1.0,332,-2297.0,9063.0,-319.69097900390625,2.1945999329348646e-06,9.088631135871611e-06,0.22536197340632058,0.0,0.0
162,"(260, 512, 512)",B,1.0,260,-1024.0,3071.0,-140.27281188964844,0.0,0.0,0.011267632704514724,0.0,0.0
163,"(67, 512, 512)",C,4.0,67,-1024.0,3071.0,-116.7556381225586,0.0,0.0,0.002259951918872435,0.0,0.0
164,"(252, 512, 512)",B,1.0,252,-1024.0,1606.0,-298.8348693847656,0.0,0.0,0.01345145513140966,0.0,0.0
165,"(77, 512, 512)",A,4.0,77,-1024.0,2837.0,-128.08224487304688,0.0,0.0,0.00034188604974127437,0.0,0.0
166,"(61, 512, 512)",C,4.0,61,-1024.0,1405.0,-148.1924285888672,0.0,0.0,0.0006265483918737192,0.0,0.0
167,"(61, 512, 512)",FC08,5.0,61,-1071.0,2421.0,-296.1940002441406,0.0,0.0,0.21595245111184042,0.0,0.0
168,"(66, 512, 512)",FC08,5.0,66,-1046.0,1629.0,-364.0074462890625,0.0,0.0,0.21771315372351444,0.0,0.0
169,"(82, 512, 512)",D,3.0,82,-1024.0,1647.0,-105.19296264648438,0.0,0.0,0.01126642924983327,0.0,0.0
170,"(322, 512, 512)","['Br40s', '2']",1.0,322,-1024.0,3071.0,-96.72838592529297,0.0,0.0,0.0009891675866168478,0.0,0.0
171,"(246, 512, 512)",STANDARD,1.25,246,-1196.0,1735.0,-423.6255187988281,0.0,0.0,0.2180182449216765,0.0,0.0
173,"(73, 512, 512)",C,4.0,73,-1024.0,1525.0,-154.1168670654297,0.0,0.0,0.008259289885220462,0.0,0.0
174,"(248, 512, 512)",B,1.0,248,-1024.0,3071.0,-148.20169067382812,0.0,0.0,0.01079753137403919,0.0,0.0
175,"(285, 512, 512)",FC08,1.0,285,-2160.0,17377.0,-287.4206237792969,3.7745425575657893e-06,1.2354265179550438e-05,0.23661532485694217,0.0,0.0
176,"(256, 512, 512)",B,1.0,256,-1024.0,1407.0,-126.35881042480469,0.0,0.0,0.0006944239139556885,0.0,0.0
177,"(65, 512, 512)",A,4.0,65,-1024.0,1192.0,-161.15960693359375,0.0,0.0,0.00011573204627403846,0.0,0.0
178,"(60, 512, 512)",A,4.0,60,-1012.0,1321.0,-98.42581939697266,0.0,0.0,5.7856241861979164e-06,0.0,0.0
179,"(84, 512, 512)",D,3.0,84,-1024.0,1601.0,-255.30612182617188,0.0,0.0,0.008061181931268601,0.0,0.0
180,"(150, 512, 512)",YB,2.0,150,-1024.0,2125.0,-141.17874145507812,0.0,0.0,0.02673230489095052,0.0,0.0
181,"(252, 512, 512)",B_SOFT_C,1.0,252,-1023.0,1319.0,-86.40662384033203,0.0,0.0,0.0002873738606770833,0.0,0.0
182,"(93, 512, 512)",D,3.0,93,-1024.0,3071.0,-260.4927673339844,0.0,0.0,0.00458567629578293,0.0,0.0
183,"(67, 512, 512)",B80s,4.0,67,-1024.0,3070.0,-336.3736572265625,0.0,0.0,0.08355952020901353,0.0,0.0
184,"(363, 512, 512)",FC08,1.0,363,-1086.0,2376.0,-249.68325805664062,0.0,0.0,0.21537904765651902,0.0,0.0
185,"(304, 512, 512)",B,1.0,304,-1024.0,3071.0,-139.9885711669922,0.0,0.0,0.0020915709043803966,0.0,0.0
186,"(376, 512, 512)",FC08,1.0,376,-1549.0,16042.0,-325.228515625,5.0727357255651596e-08,5.478554583610373e-07,0.2210828091235871,0.0,0.0
187,"(193, 512, 512)",STANDARD,1.25,193,-1024.0,1347.0,-271.6718444824219,0.0,0.0,0.21295743161532546,0.0,0.0
188,"(255, 512, 512)",B_SOFT_C,1.0,255,-1023.0,1489.0,-241.10968017578125,0.0,0.0,0.001416494332107843,0.0,0.0
189,"(224, 512, 512)",B,1.0,224,-1024.0,3071.0,-30.733428955078125,0.0,0.0,2.1679060799734934e-05,0.0,0.0
190,"(52, 512, 512)",FC08,5.0,52,-1046.0,21209.0,-341.2571716308594,0.0,0.0,0.2185667478121244,0.0,0.0
191,"(248, 512, 512)",B,1.0,248,-1024.0,1647.0,-287.8455810546875,0.0,0.0,0.01389123547461725,0.0,0.0
193,"(56, 512, 512)",C,4.0,56,-1024.0,3071.0,-91.66544342041016,0.0,0.0,0.007398332868303571,0.0,0.0
194,"(240, 512, 512)",B,1.0,240,-1024.0,3071.0,-287.82147216796875,0.0,0.0,0.03709265391031901,0.0,0.0
195,"(256, 512, 512)",B,1.0,256,-1024.0,3071.0,-256.1855773925781,0.0,0.0,0.04138690233230591,0.0,0.0
196,"(255, 512, 512)",B,1.0,255,-1024.0,3071.0,-164.72750854492188,0.0,0.0,0.002482440424900429,0.0,0.0
197,"(58, 512, 512)",C,4.0,58,-1024.0,1587.0,-140.7894287109375,0.0,0.0,0.0013924960432381466,0.0,0.0
198,"(240, 512, 512)",B,1.0,240,-1024.0,3071.0,-276.2826232910156,0.0,0.0,0.014015801747639974,0.0,0.0
199,"(63, 512, 512)",C,4.0,63,-1024.0,3071.0,-44.03219985961914,0.0,0.0,0.0011356293209015377,0.0,0.0
200,"(100, 512, 512)",D,3.0,100,-1024.0,3071.0,-139.40501403808594,0.0,0.0,0.035756683349609374,0.0,0.0
201,"(338, 512, 512)",FC08,1.0,338,-1729.0,6504.0,-367.3977966308594,7.900260609282545e-08,6.997373682507396e-07,0.22560100442559056,0.0,0.0
202,"(256, 512, 512)",B,1.0,256,-1024.0,1745.0,-220.87112426757812,0.0,0.0,0.005817830562591553,0.0,0.0
203,"(295, 512, 512)",B,1.0,295,-1024.0,3071.0,-275.2171630859375,0.0,0.0,0.0170176489878509,0.0,0.0
205,"(223, 512, 512)",B,1.0,223,-1024.0,3071.0,-104.69654846191406,0.0,0.0,0.005877815554494815,0.0,0.0
206,"(281, 512, 512)",B,1.0,281,-1024.0,3071.0,-115.51937866210938,0.0,0.0,0.003608961546548321,0.0,0.0
207,"(74, 512, 512)",C,4.0,74,-1024.0,3071.0,-279.2567443847656,0.0,0.0,0.006374410680822424,0.0,0.0
208,"(85, 512, 512)",D,3.0,85,-1024.0,1612.0,-161.3927001953125,0.0,0.0,0.005745427748736214,0.0,0.0
209,"(67, 512, 512)",A,4.0,67,-1024.0,3071.0,-154.4457550048828,0.0,0.0,0.005928722780142257,0.0,0.0
210,"(113, 512, 512)",D,3.0,113,-1024.0,3071.0,-243.56396484375,0.0,0.0,0.06243066028156112,0.0,0.0
211,"(66, 512, 512)",A,4.0,66,-1024.0,3071.0,-162.78564453125,0.0,0.0,0.012627977313417377,0.0,0.0
212,"(250, 512, 512)",B,1.0,250,-1024.0,1729.0,-139.11538696289062,0.0,0.0,6.43310546875e-05,0.0,0.0
213,"(79, 512, 512)",A,4.0,79,-1024.0,3071.0,-75.94186401367188,0.0,0.0,0.0006386479244956488,0.0,0.0
214,"(265, 512, 512)",FC08,1.0,265,-1293.0,4849.0,-346.9908447265625,0.0,2.735065964033019e-07,0.22104556965378094,0.0,0.0
215,"(58, 512, 512)",C,4.0,58,-1024.0,3071.0,-111.69505310058594,0.0,0.0,0.00813977471713362,0.0,0.0
216,"(67, 512, 512)",C,4.0,67,-1024.0,2606.0,-71.59485626220703,0.0,0.0,0.0033656447681028453,0.0,0.0
217,"(68, 512, 512)",C,4.0,68,-1024.0,3071.0,-34.36105728149414,0.0,0.0,0.0010653103099149816,0.0,0.0
218,"(56, 512, 512)",C,4.0,56,-1024.0,1404.0,-104.36161041259766,0.0,0.0,0.00027097974504743306,0.0,0.0
219,"(284, 512, 512)",B,1.0,284,-1024.0,3071.0,-240.2395477294922,0.0,0.0,0.010740092102910432,0.0,0.0
220,"(283, 512, 512)",B,1.0,283,-1024.0,1457.0,-151.97239685058594,0.0,0.0,0.00024280615493181315,0.0,0.0
221,"(224, 512, 512)",B,1.0,224,-1024.0,3071.0,-154.31069946289062,0.0,0.0,0.006450482777186802,0.0,0.0
222,"(100, 512, 512)",D,3.0,100,-1024.0,1958.0,-392.80328369140625,0.0,0.0,0.07078388214111328,0.0,0.0
223,"(97, 512, 512)",D,3.0,97,-1024.0,3071.0,-337.0561828613281,0.0,0.0,0.11835102199279156,0.0,0.0
224,"(357, 512, 512)",FC08,1.0,357,-1121.0,3804.0,-314.0628356933594,0.0,0.0,0.21671397746110163,0.0,0.0
225,"(100, 512, 512)",D,3.0,100,-1024.0,3071.0,-215.54400634765625,0.0,0.0,0.034908905029296874,0.0,0.0
226,"(54, 512, 512)",C,4.0,54,-1024.0,1323.0,-132.54901123046875,0.0,0.0,0.001105838351779514,0.0,0.0
227,"(98, 512, 512)",D,3.0,98,-1024.0,2262.0,-408.14984130859375,0.0,0.0,0.034666684209084024,0.0,0.0
228,"(62, 512, 512)",C,4.0,62,-1024.0,1391.0,-66.39227294921875,0.0,0.0,0.0015305549867691533,0.0,0.0
229,"(228, 512, 512)",B,1.0,228,-1024.0,1547.0,-92.89926147460938,0.0,0.0,0.0020267252336468615,0.0,0.0
230,"(244, 512, 512)",B,1.0,244,-1024.0,1441.0,-80.12850952148438,0.0,0.0,0.00013956476430423924,0.0,0.0
231,"(225, 512, 512)",B,1.0,225,-1024.0,3071.0,-78.64019012451172,0.0,0.0,0.0007667880588107639,0.0,0.0
232,"(268, 512, 512)",B,1.0,268,-1024.0,3071.0,-209.0154571533203,0.0,0.0,0.004160909510370511,0.0,0.0
233,"(248, 512, 512)",B,1.0,248,-1024.0,1524.0,-385.69573974609375,0.0,0.0,0.04876298289145193,0.0,0.0
234,"(248, 512, 512)",B,1.0,248,-1024.0,3071.0,-174.02227783203125,0.0,0.0,0.005693451050789126,0.0,0.0
235,"(74, 512, 512)",D,3.0,74,-1024.0,1563.0,-114.5662841796875,0.0,0.0,0.019877975051467482,0.0,0.0
236,"(307, 512, 512)",FC08,1.0,307,-1152.0,2535.0,-301.2121276855469,0.0,0.0,0.21861610039825938,0.0,0.0
237,"(262, 512, 512)",B,1.0,262,-1024.0,1598.0,-184.3731231689453,0.0,0.0,0.0002935424105811665,0.0,0.0
238,"(240, 512, 512)",B_SOFT_C,1.0,240,-1023.0,3223.0,-58.808937072753906,0.0,0.0,0.00012774467468261718,0.0,0.0
239,"(241, 512, 512)",B,1.0,241,-1024.0,3071.0,-219.50103759765625,0.0,0.0,0.0009701993950175052,0.0,0.0
240,"(277, 512, 512)",FC08,1.0,277,-1057.0,1678.0,-228.72067260742188,0.0,0.0,0.21464175007403544,0.0,0.0
241,"(311, 512, 512)",FC08,1.0,311,-1609.0,7184.0,-470.49053955078125,6.132953803255627e-08,1.6068338964529743e-06,0.24137604888229125,0.0,0.0
243,"(253, 512, 512)",B,1.0,253,-1024.0,3071.0,-152.25503540039062,0.0,0.0,0.0004928046064414526,0.0,0.0
244,"(280, 512, 512)",FC08,1.0,280,-1183.0,23003.0,-283.8065185546875,0.0,0.0,0.22083539962768556,0.0,0.0
245,"(248, 512, 512)",B,1.0,248,-1024.0,3071.0,-254.4402618408203,0.0,0.0,0.003438118965395035,0.0,0.0
246,"(320, 512, 512)","['Br40s', '2']",1.0,320,-1024.0,2131.0,-122.23736572265625,0.0,0.0,0.0022605776786804197,0.0,0.0
247,"(244, 512, 512)",B,1.0,244,-1024.0,3071.0,-192.2751922607422,0.0,0.0,0.0018745484899302,0.0,0.0
248,"(333, 512, 512)","['Br40s', '2']",1.0,333,-1024.0,3071.0,-180.2565460205078,0.0,0.0,0.032148492944849144,0.0,0.0
249,"(292, 512, 512)",B,1.0,292,-1024.0,3071.0,-120.34204864501953,0.0,0.0,0.0018834937108706121,0.0,0.0
250,"(168, 512, 512)",B_SOFT_C,1.0,168,-1023.0,1358.0,-45.511993408203125,0.0,0.0,0.0010122117542085193,0.0,0.0
251,"(295, 512, 512)",B_SOFT_C,1.0,295,-1023.0,1533.0,-149.7713165283203,0.0,0.0,0.0016238067109706038,0.0,0.0
252,"(298, 512, 512)",B,1.0,298,-1024.0,1594.0,-265.11749267578125,0.0,0.0,0.041731828011122324,0.0,0.0
253,"(84, 512, 512)",D,3.0,84,-1024.0,2006.0,-88.35530853271484,0.0,0.0,0.0027264640444800967,0.0,0.0
254,"(264, 512, 512)",B,1.0,264,-1024.0,1383.0,-67.0921630859375,0.0,0.0,0.0023057244040749288,0.0,0.0
255,"(188, 512, 512)",B,1.0,188,-1024.0,1405.0,-114.74681854248047,0.0,0.0,0.0020537477858523106,0.0,0.0
256,"(376, 512, 512)",FC08,1.0,376,-1769.0,6442.0,-338.4395751953125,8.116377160904255e-08,1.8363303326545877e-06,0.21859141613574737,0.0,0.0
257,"(219, 512, 512)",B,1.0,219,-1024.0,3071.0,-106.85667419433594,0.0,0.0,0.0050814380384471315,0.0,0.0
258,"(244, 512, 512)",B,1.0,244,-1024.0,3071.0,-177.49966430664062,0.0,0.0,0.004777845789174564,0.0,0.0
259,"(216, 512, 512)",B,1.0,216,-1024.0,1403.0,-123.7913589477539,0.0,0.0,0.005168720527931496,0.0,0.0
260,"(291, 512, 512)",B,1.0,291,-1024.0,3071.0,-285.444091796875,0.0,0.0,0.024046226055761382,0.0,0.0
261,"(288, 512, 512)",B,1.0,288,-1024.0,3071.0,-184.6902618408203,0.0,0.0,0.0026468833287556968,0.0,0.0
262,"(253, 512, 512)",B,1.0,253,-1024.0,1438.0,-52.21785354614258,0.0,0.0,4.015232734529397e-05,0.0,0.0
263,"(208, 512, 512)",B,1.0,208,-1024.0,3071.0,-198.35250854492188,0.0,0.0,0.00746923226576585,0.0,0.0
264,"(262, 512, 512)",B,1.0,262,-1024.0,1701.0,-318.4864501953125,0.0,0.0,0.05544248974050274,0.0,0.0
265,"(209, 512, 512)",STANDARD,1.25,209,-1024.0,1591.0,-217.2688446044922,0.0,0.0,0.21305739480342592,0.0,0.0
266,"(267, 512, 512)",B,1.0,267,-1024.0,3071.0,-94.253662109375,0.0,0.0,0.00018173389220505618,0.0,0.0
267,"(296, 512, 512)",B,1.0,296,-1024.0,1539.0,-235.43348693847656,0.0,0.0,0.005796574257515572,0.0,0.0
268,"(248, 512, 512)",B,1.0,248,-1024.0,1331.0,-67.88681030273438,0.0,0.0,0.0024862443247149067,0.0,0.0
269,"(266, 512, 512)",B,1.0,266,-1024.0,3071.0,-130.50091552734375,0.0,0.0,0.001205200539495712,0.0,0.0
270,"(244, 512, 512)",B,1.0,244,-1024.0,1307.0,-172.79296875,0.0,0.0,0.004189303663910412,0.0,0.0
271,"(298, 512, 512)",B,1.0,298,-1024.0,1401.0,-91.72313690185547,0.0,0.0,0.0003385863848180579,0.0,0.0
272,"(280, 512, 512)",B,1.0,280,-1024.0,3071.0,-148.66099548339844,0.0,0.0,0.00047546114240373886,0.0,0.0
273,"(382, 512, 512)",FC08,1.0,382,-1452.0,6311.0,-428.7037048339844,0.0,1.048542442122055e-06,0.2228105455168879,0.0,0.0
274,"(248, 512, 512)",B,1.0,248,-1024.0,1975.0,-192.90536499023438,0.0,0.0,0.004414589174332157,0.0,0.0
275,"(220, 512, 512)",B,1.0,220,-1024.0,1769.0,-175.89566040039062,0.0,0.0,0.00857559550892223,0.0,0.0
276,"(319, 512, 512)",FC08,1.0,319,-1798.0,4649.0,-300.97674560546875,7.689186024441614e-06,7.947485275029389e-05,0.21868211273863025,0.0,0.0
277,"(162, 512, 512)",B_SOFT_C,1.0,162,-1023.0,8260.0,-11.933732032775879,0.0,0.0,0.0026563008626302085,0.0,0.0
278,"(280, 512, 512)",B,1.0,280,-1024.0,3071.0,-88.69831848144531,0.0,0.0,0.003924260820661272,0.0,0.0
279,"(251, 512, 512)",B_SOFT_C,1.0,251,-1023.0,1327.0,-72.93158721923828,0.0,0.0,0.0034663287766901144,0.0,0.0
280,"(176, 512, 512)","['Br40s', '2']",1.0,176,-1024.0,1565.0,-115.99871063232422,0.0,0.0,0.004866903478449041,0.0,0.0
