patient_id,age,gender,BMI,bmd,t_value,Osteoporosis,AP,Extension,Lateral,Unknown,has_ap,has_lateral,strict_xray_pair
1,68,Female,22.6799524092802,0.741,-3.1083,2,1,0,1,0,True,True,True
2,30,Female,18.49112426035503,0.94,-1.45,1,1,0,1,0,True,True,True
3,59,Female,26.106562240417702,1.019,-0.7917,0,1,0,1,0,True,True,True
4,58,Female,21.359914560341757,0.8,-2.6167,2,1,0,1,0,True,True,True
5,80,Male,24.79338842975207,1.187,0.6083,0,1,0,1,0,True,True,True
6,73,Female,17.48178980228928,0.593,-4.3417,2,1,0,1,0,True,True,True
7,55,Male,27.053802773967377,1.159,0.375,0,1,0,1,0,True,True,True
8,30,Female,18.82711103989745,0.749,-3.0417,2,1,0,0,0,True,False,False
9,83,Male,21.224489795918366,1.493,3.1583,0,1,0,1,0,True,True,True
10,64,Female,27.649480001256794,0.907,-1.725,1,1,0,1,0,True,True,True
11,62,Male,22.22222222222222,1.114,0.0,0,1,0,1,0,True,True,True
12,65,Female,24.97398543184183,0.956,-1.3167,1,1,0,1,0,True,True,True
13,69,Female,22.07409972299169,0.983,-1.0917,1,1,0,1,0,True,True,True
14,69,Female,21.926125822229718,0.718,-3.3,2,1,0,1,0,True,True,True
15,83,Female,24.242424242424246,1.116,0.0167,0,1,0,1,0,True,True,True
16,75,Male,20.061728395061728,0.861,-2.1083,1,1,0,1,0,True,True,True
17,53,Female,21.096190514828187,0.875,-1.9917,1,1,0,1,0,True,True,True
18,66,Female,24.83576349943919,1.242,1.0667,0,1,0,1,0,True,True,True
19,65,Female,22.789572695511964,0.764,-2.9167,2,1,0,1,0,True,True,True
20,30,Male,26.296566837107374,1.347,1.9417,0,1,0,1,0,True,True,True
21,61,Male,24.158817968558527,0.942,-1.4333,1,1,0,1,0,True,True,True
22,72,Male,21.6712580348944,1.28297303862035,1.4081,0,1,0,1,0,True,True,True
23,69,Female,22.265624999999996,0.932694268815011,-1.5109,1,1,0,1,0,True,True,True
24,67,Male,22.03856749311295,1.244,1.0833,0,0,0,2,0,False,True,False
25,62,Male,22.408786769347305,0.965,-1.2417,1,1,0,1,0,True,True,True
26,53,Female,19.531249999999996,0.874368686868687,-1.9969,1,1,0,1,0,True,True,True
27,72,Female,24.444444444444443,0.814,-2.5,2,1,0,1,0,True,True,True
28,64,Female,21.907582457706194,1.154,0.3333,0,1,0,1,0,True,True,True
29,50,Female,17.625380547989103,1.183,0.575,0,1,0,1,0,True,True,True
30,30,Female,17.527815881725342,0.945831733,-1.4014,1,1,0,1,0,True,True,True
31,86,Female,20.54419284149014,0.648,-3.8833,2,1,0,1,0,True,True,True
32,53,Male,30.487804878048784,1.503,3.2417,0,1,0,1,0,True,True,True
33,71,Female,21.60410477990818,1.03,-0.7,0,1,0,1,0,True,True,True
34,30,Female,19.650561749754367,1.096,-0.15,0,1,0,1,0,True,True,True
35,75,Male,29.296874999999993,1.161,0.3917,0,1,0,1,0,True,True,True
36,59,Female,25.076193048107708,0.892,-1.85,1,1,0,1,0,True,True,True
37,80,Male,25.550063383811086,1.069,-0.375,0,1,0,1,0,True,True,True
38,65,Female,19.81405273586343,0.815,-2.4917,1,1,0,1,0,True,True,True
39,70,Female,17.333333333333332,0.699,-3.4583,2,1,0,1,0,True,True,True
40,74,Female,24.128792373719392,0.765,-2.9083,2,1,0,1,0,True,True,True
41,64,Female,24.435186668803073,0.931,-1.525,1,1,0,1,0,True,True,True
42,86,Female,23.433927754915405,1.38,2.2167,0,1,0,1,0,True,True,True
43,62,Female,26.775934114974238,1.072,-0.35,0,1,0,1,0,True,True,True
44,66,Male,26.703623580313685,1.387,2.275,0,1,0,1,0,True,True,True
45,81,Female,17.77777777777778,0.653,-3.8417,2,1,0,1,0,True,True,True
46,83,Female,24.97398543184183,0.818,-2.4667,1,1,0,1,0,True,True,True
47,72,Female,27.887617065556707,1.632,4.3167,0,2,0,0,0,True,False,False
48,71,Male,22.49963710262738,1.033,-0.675,0,1,0,1,0,True,True,True
49,58,Female,28.906249999999993,1.057,-0.475,0,1,0,1,0,True,True,True
50,59,Female,21.78649237472767,0.909,-1.7083,1,1,0,1,0,True,True,True
51,70,Male,19.591836734693878,0.789,-2.7083,2,1,0,1,0,True,True,True
52,72,Female,27.39225712198685,1.042,-0.6,0,1,0,1,0,True,True,True
53,45,Female,19.921874999999996,1.113,-0.0083,0,1,0,1,0,True,True,True
54,50,Female,23.634033007530842,1.106,-0.0667,0,1,0,1,0,True,True,True
55,30,Female,25.153150229218223,1.043,-0.5917,0,1,0,1,0,True,True,True
56,30,Male,26.365603028664147,0.643,-3.925,2,1,0,1,0,True,True,True
57,67,Male,20.690494543389182,0.902,-1.7667,1,1,0,1,0,True,True,True
58,58,Female,22.939750692520775,1.305,1.5917,0,1,0,1,0,True,True,True
59,70,Female,25.333333333333332,1.08002701333784,-0.2831,0,1,0,1,0,True,True,True
60,56,Female,22.189349112426033,0.865,-2.075,1,1,0,1,0,True,True,True
61,48,Female,19.81784449316917,1.094,-0.1667,0,1,0,1,0,True,True,True
62,74,Male,25.402816083611555,1.256,1.1833,0,1,0,1,0,True,True,True
63,72,Female,25.71166207529844,0.985,-1.075,1,1,0,1,0,True,True,True
64,80,Female,24.86395196096829,0.748,-3.05,2,1,0,1,0,True,True,True
65,56,Female,27.887617065556707,1.066,-0.4,0,1,0,1,0,True,True,True
66,67,Male,26.44628099173554,1.419,2.5417,0,1,0,1,0,True,True,True
67,71,Female,24.238227146814403,0.883,-1.925,1,1,0,1,0,True,True,True
68,83,Female,28.515624999999993,1.09352355072464,-0.1706,0,1,0,1,0,True,True,True
69,81,Female,22.582709172343712,0.793,-2.675,2,1,0,1,0,True,True,True
70,73,Female,21.333333333333332,0.627,-4.0583,2,1,0,1,0,True,True,True
71,58,Female,18.85882198149204,0.714321926489227,-3.3307,2,1,0,1,0,True,True,True
72,57,Female,21.77777777777778,1.035,-0.6583,0,1,0,1,0,True,True,True
73,72,Female,23.422368361785505,0.826,-2.4,1,1,0,1,0,True,True,True
74,30,Female,22.600262984878366,0.627,-4.0583,2,1,0,1,0,True,True,True
75,57,Female,20.932120124738347,0.998,-0.9667,0,1,0,1,0,True,True,True
76,60,Female,22.86236854138088,1.0,-0.95,0,1,0,1,0,True,True,True
77,79,Female,20.811654526534856,0.777,-2.8083,2,1,0,1,0,True,True,True
78,68,Female,21.367521367521366,0.683,-3.5917,2,1,0,1,0,True,True,True
79,51,Male,26.027582477014604,1.612,4.15,0,1,0,1,0,True,True,True
80,80,Female,19.675166853130666,0.837,-2.3083,1,1,0,1,0,True,True,True
81,77,Female,28.040378144528116,0.85,-2.2,1,1,0,1,0,True,True,True
82,72,Female,24.88888888888889,0.813,-2.5083,2,1,0,3,0,True,True,True
83,78,Male,21.453287197231838,0.974,-1.1667,1,1,0,1,0,True,True,True
84,68,Female,23.588329220496444,1.066,-0.4,0,1,0,1,0,True,True,True
85,61,Female,30.407626561472714,0.939,-1.4583,1,1,0,1,0,True,True,True
86,64,Female,23.233456176894723,1.029,-0.7083,0,1,0,1,0,True,True,True
87,68,Female,27.055150884495315,0.837,-2.3083,1,1,0,1,0,True,True,True
88,61,Male,22.54657648036074,0.806,-2.5667,2,1,0,1,0,True,True,True
89,62,Male,28.685144680698485,1.559,3.7083,0,1,0,1,0,True,True,True
90,30,Male,31.51150169811982,0.624,-4.0833,2,1,0,1,0,True,True,True
91,55,Female,24.218749999999996,1.232,0.9833,0,3,0,1,0,True,True,True
92,68,Male,24.38652644413961,1.079,-0.2917,0,1,0,1,0,True,True,True
93,49,Female,21.484374999999996,1.288,1.45,0,1,0,1,0,True,True,True
94,79,Female,20.446742023841672,1.13571299148396,0.1809,0,1,0,1,0,True,True,True
95,79,Female,26.575379487410476,0.916,-1.65,1,1,0,1,0,True,True,True
96,76,Female,20.449137418203453,0.75,-3.0333,2,1,0,1,0,True,True,True
97,57,Female,24.444444444444443,0.768,-2.8833,2,1,0,1,0,True,True,True
98,69,Female,26.775934114974238,1.034,-0.6667,0,1,0,1,0,True,True,True
99,75,Female,24.444444444444443,0.767,-2.8917,2,1,0,1,0,True,True,True
100,67,Female,27.887617065556707,1.099,-0.125,0,1,0,1,0,True,True,True
101,73,Female,27.055150884495315,1.023,-0.7583,0,1,0,1,0,True,True,True
102,58,Female,29.1363163371488,1.177,0.525,0,1,0,1,0,True,True,True
103,72,Male,28.25096980941137,1.548,3.6167,0,1,0,1,0,True,True,True
104,78,Female,28.621470374642232,0.888969917958068,-1.8753,1,1,0,1,0,True,True,True
105,65,Female,19.531249999999996,0.774,-2.8333,2,1,0,1,0,True,True,True
106,62,Male,27.887617065556707,1.096,-0.15,0,1,0,1,0,True,True,True
107,72,Female,26.638917793964616,1.15232240437158,0.3194,0,1,0,1,0,True,True,True
108,77,Male,21.30394857667585,1.449,2.7917,0,1,0,1,0,True,True,True
109,78,Female,19.62826470116968,1.055,-0.4917,0,1,0,1,0,True,True,True
110,59,Female,21.719250114311837,1.004,-0.9167,0,1,0,1,0,True,True,True
111,30,Female,17.087444999786406,0.807,-2.5583,2,1,0,1,0,True,True,True
112,72,Male,24.092970521541954,1.198,0.7,0,1,0,1,0,True,True,True
113,79,Female,21.35930624973301,0.955,-1.325,1,1,0,1,0,True,True,True
114,72,Female,24.06404738766255,0.863,-2.0917,1,1,0,1,0,True,True,True
115,55,Female,19.227687870533565,0.586,-4.4,2,1,0,1,0,True,True,True
116,77,Female,29.1363163371488,0.814,-2.5,2,1,0,1,0,True,True,True
117,72,Female,26.48553974966893,1.22,0.8833,0,1,0,1,0,True,True,True
118,72,Female,19.921874999999996,0.967,-1.225,1,1,0,1,0,True,True,True
119,59,Female,29.296874999999993,0.974,-1.1667,1,1,0,1,0,True,True,True
120,64,Female,24.32322868339264,0.925,-1.575,1,1,0,1,0,True,True,True
121,73,Female,24.44727891156463,0.922,-1.6,1,1,0,1,0,True,True,True
122,45,Female,17.360441340997646,0.993,-1.0083,1,1,0,1,0,True,True,True
123,57,Female,25.076193048107708,0.978,-1.1333,1,1,0,1,0,True,True,True
124,74,Female,26.106562240417702,1.035,-0.6583,0,1,0,1,0,True,True,True
125,70,Female,19.650561749754367,0.834,-2.3333,1,1,0,1,0,True,True,True
126,61,Female,20.23950075898128,0.675,-3.6583,2,1,0,1,0,True,True,True
127,65,Female,22.582709172343712,0.864,-2.0833,1,1,0,1,0,True,True,True
128,61,Female,23.533042706685695,0.878,-1.9667,1,1,0,1,0,True,True,True
129,70,Male,26.332888752094664,1.257,1.1917,0,1,0,1,0,True,True,True
130,74,Female,27.92666996982118,0.787,-2.725,2,1,0,1,0,True,True,True
131,55,Female,25.333333333333332,0.956,-1.3167,1,2,0,2,0,True,True,True
132,51,Female,26.753212578395683,0.831,-2.3583,1,1,0,1,0,True,True,True
133,62,Female,24.77679524969029,1.11,-0.0333,0,1,0,1,0,True,True,True
134,59,Female,23.124670372023203,1.058,-0.4667,0,1,0,1,0,True,True,True
135,30,Female,21.230572023714146,1.056,-0.4833,0,1,0,1,0,True,True,True
136,64,Female,22.189349112426033,0.947,-1.3917,1,1,0,1,0,True,True,True
137,68,Male,20.761245674740486,1.118,0.0333,0,1,0,1,0,True,True,True
138,65,Female,27.305187985717293,0.804,-2.5833,2,1,0,1,0,True,True,True
139,69,Male,21.35779559539232,1.103,-0.0917,0,1,0,1,0,True,True,True
140,61,Female,23.243408017070564,0.786,-2.7333,2,2,0,0,0,True,False,False
141,71,Male,28.373702422145332,0.781,-2.775,2,1,0,1,0,True,True,True
142,67,Male,24.221453287197235,0.663,-3.7583,2,1,0,1,0,True,True,True
143,71,Male,22.647376960519203,0.906,-1.7333,1,1,0,1,0,True,True,True
144,74,Female,22.22222222222222,0.682638456751711,-3.5947,2,1,0,1,0,True,True,True
145,65,Female,27.688778133776353,1.169,0.4583,0,1,0,1,0,True,True,True
146,30,Female,18.261504747991236,1.06,-0.45,0,1,0,1,0,True,True,True
147,59,Female,20.690494543389182,1.17052860246198,0.4711,0,1,0,1,0,True,True,True
148,78,Female,27.343749999999996,1.144,0.25,0,1,0,1,0,True,True,True
149,70,Female,27.303438382155587,0.844618907425581,-2.2448,1,1,0,1,0,True,True,True
150,74,Female,25.910684346898332,0.72,-3.2833,2,1,0,1,0,True,True,True
151,70,Female,25.21735857578381,0.998,-0.9667,0,1,0,1,0,True,True,True
152,64,Female,25.529644871208653,1.127,0.1083,0,1,0,1,0,True,True,True
153,30,Female,17.908855357415025,1.00996828273675,-0.8669,0,1,0,1,0,True,True,True
154,80,Female,25.10387811634349,0.951,-1.3583,1,1,0,1,0,True,True,True
155,56,Female,21.265384470623662,0.809,-2.5417,2,1,0,1,0,True,True,True
156,57,Female,25.96454217209623,1.058,-0.4667,0,1,0,1,0,True,True,True
157,64,Female,27.40765727778715,0.75,-3.0333,2,1,0,1,0,True,True,True
158,60,Female,20.832529609197174,0.95,-1.3667,1,1,0,1,0,True,True,True
159,77,Female,23.507805325987146,0.875,-1.9917,1,1,0,1,0,True,True,True
160,64,Female,22.136953955135773,0.623,-4.0917,2,1,0,1,0,True,True,True
161,49,Female,20.134779750164363,0.919091847,-1.6242,1,1,0,1,0,True,True,True
162,78,Female,34.37499999999999,1.558,3.7,0,1,0,1,0,True,True,True
163,67,Female,28.566481994459835,0.81,-2.5333,2,1,0,1,0,True,True,True
164,54,Female,20.23950075898128,0.904,-1.75,1,1,0,1,0,True,True,True
165,60,Female,26.709401709401707,0.680791677239279,-3.6101,2,1,0,1,0,True,True,True
166,64,Male,21.093749999999996,0.887,-1.8917,1,1,0,1,0,True,True,True
167,60,Male,31.073540713020815,1.516,3.35,0,1,0,1,0,True,True,True
168,77,Male,19.031141868512112,0.829,-2.375,1,1,0,1,0,True,True,True
169,16,Female,21.580033777444175,1.055,-0.4917,0,1,0,1,0,True,True,True
170,69,Female,25.06574621959237,0.981894990947496,-1.1009,1,1,0,1,0,True,True,True
171,63,Female,16.77685676758535,0.885,-1.9083,1,1,0,1,0,True,True,True
172,14,Female,18.359374999999996,1.05,-0.5333,0,2,0,0,0,True,False,False
173,54,Male,24.508945765204302,1.131,0.1417,0,1,0,1,0,True,True,True
174,57,Female,24.747454257779218,0.865,-2.075,1,1,0,1,0,True,True,True
175,53,Female,21.30394857667585,1.282,1.4,0,1,0,1,0,True,True,True
176,65,Female,22.22222222222222,0.934,-1.5,1,1,0,1,0,True,True,True
177,64,Female,22.22222222222222,0.762553001562151,-2.9287,2,1,0,1,0,True,True,True
178,78,Male,23.59700420642249,1.253,1.1583,0,1,0,1,0,True,True,True
179,73,Female,37.52740765727779,0.897,-1.8083,1,1,0,1,0,True,True,True
180,58,Female,20.41522491349481,0.835369774919614,-2.3219,1,1,0,1,0,True,True,True
181,58,Female,26.638917793964616,0.844,-2.25,1,1,0,1,0,True,True,True
182,75,Female,24.989587671803417,0.687,-3.5583,2,1,0,1,0,True,True,True
183,82,Female,19.555555555555557,0.704,-3.4167,2,1,0,1,0,True,True,True
184,46,Male,25.351541373715524,1.10105757931845,-0.1079,0,1,0,1,0,True,True,True
185,51,Male,23.437499999999996,0.897,-1.8083,1,1,0,1,0,True,True,True
186,65,Female,20.39542143600416,1.11686390532544,0.0239,0,1,0,1,0,True,True,True
187,70,Male,23.030045351473927,0.89,-1.8667,1,1,0,1,0,True,True,True
188,30,Female,20.06920415224914,0.835250536166894,-2.3229,1,1,0,1,0,True,True,True
189,30,Male,24.56747404844291,0.759,-2.9583,2,1,0,1,0,True,True,True
190,76,Female,21.484374999999996,1.144,0.25,0,1,0,1,0,True,True,True
191,67,Male,18.06616733787497,0.652,-3.85,2,1,0,1,0,True,True,True
192,54,Female,20.312499999999996,0.803318105313777,-2.589,2,2,0,0,0,True,False,False
193,66,Female,30.49352598986677,0.9569222432945,-1.309,1,1,0,1,0,True,True,True
194,64,Male,29.745808545159548,1.433,2.6583,0,1,0,1,0,True,True,True
195,70,Female,21.719250114311837,0.681,-3.6083,2,1,0,1,0,True,True,True
196,75,Female,24.243918474687703,1.08285573931554,-0.2595,0,1,0,1,0,True,True,True
197,67,Female,27.390918560240728,1.062,-0.4333,0,1,0,1,0,True,True,True
198,80,Female,27.993022029291247,0.918,-1.6333,1,1,0,1,0,True,True,True
199,76,Female,25.529644871208653,0.972847446,-1.1763,1,1,0,1,0,True,True,True
200,60,Female,27.548209366391188,1.056,-0.4833,0,1,0,1,0,True,True,True
201,64,Female,22.589531680440775,1.116,0.0167,0,1,0,1,0,True,True,True
202,66,Female,20.811654526534856,0.81,-2.5333,2,1,0,1,0,True,True,True
203,30,Female,17.941817249775728,1.066,-0.4,0,1,0,1,0,True,True,True
204,74,Female,22.4058769513315,1.019,-0.7917,0,2,0,0,0,True,False,False
205,86,Female,25.390624999999996,0.797,-2.6417,2,1,0,1,0,True,True,True
206,70,Male,29.752066115702483,1.228,0.95,0,1,0,1,0,True,True,True
207,70,Female,22.367440024560327,0.816012725344645,-2.4832,1,1,0,1,0,True,True,True
208,74,Male,27.636054421768712,1.454,2.8333,0,1,0,1,0,True,True,True
209,59,Female,23.73323840037973,0.763,-2.925,2,1,0,1,0,True,True,True
210,69,Female,21.564544913741823,0.758,-2.9667,2,1,0,1,0,True,True,True
211,70,Female,27.630367089162757,1.068,-0.3833,0,1,0,1,0,True,True,True
212,71,Female,22.666666666666668,0.741,-3.1083,2,1,0,1,0,True,True,True
213,71,Male,23.56663223140496,1.113,-0.0083,0,1,0,1,0,True,True,True
214,75,Male,25.461980633463213,1.636,4.35,0,1,0,1,0,True,True,True
215,62,Female,25.06574621959237,0.844,-2.25,1,1,0,1,0,True,True,True
216,74,Male,34.35064077156824,1.54951345163137,3.6293,0,1,0,1,0,True,True,True
217,59,Female,24.654832347140037,1.06032575909914,-0.4473,0,1,0,1,0,True,True,True
218,70,Female,25.10387811634349,1.122,0.0667,0,1,0,1,0,True,True,True
219,71,Male,26.769779892920884,1.535,3.5083,0,1,0,1,0,True,True,True
220,67,Female,24.910767400356935,1.145,0.2583,0,1,0,1,0,True,True,True
221,78,Female,26.666666666666668,1.067,-0.3917,0,1,0,1,0,True,True,True
222,67,Female,23.92242299970097,0.758,-2.9667,2,1,0,1,0,True,True,True
223,72,Female,32.87070854638422,1.206,0.7667,0,1,0,1,0,True,True,True
224,69,Female,27.476239809017613,1.315,1.675,0,1,0,1,0,True,True,True
225,57,Male,23.301094832264035,1.327,1.775,0,1,0,1,0,True,True,True
226,66,Female,28.44095497516423,1.015,-0.825,0,1,0,1,0,True,True,True
227,77,Female,16.493958191401628,0.601,-4.275,2,1,0,1,0,True,True,True
228,59,Female,25.529644871208653,0.872,-2.0167,1,1,0,1,0,True,True,True
229,60,Female,23.828124999999996,0.962,-1.2667,1,2,0,2,0,True,True,True
230,58,Male,25.390624999999996,0.912979351032448,-1.6752,1,1,0,1,0,True,True,True
231,72,Female,27.343749999999996,0.792,-2.6833,2,1,0,1,0,True,True,True
232,74,Female,19.555555555555557,1.023,-0.7583,0,1,0,1,0,True,True,True
233,68,Female,24.34960912469563,0.65,-3.8667,2,1,0,1,0,True,True,True
234,68,Male,23.19109461966605,0.84,-2.2833,1,1,0,1,0,True,True,True
235,58,Female,21.338210638622158,0.807,-2.5583,2,1,0,1,0,True,True,True
236,60,Female,25.06574621959237,0.904,-1.75,1,1,0,1,0,True,True,True
237,74,Male,30.26183062146397,0.891,-1.8583,1,1,0,1,0,True,True,True
238,65,Male,24.221453287197235,1.211,0.8083,0,1,0,1,0,True,True,True
239,67,Female,19.94805976890361,0.736,-3.15,2,1,0,1,0,True,True,True
240,59,Male,22.582709172343712,0.852,-2.1833,1,1,0,1,0,True,True,True
241,69,Female,19.81405273586343,0.784,-2.75,2,1,0,1,0,True,True,True
242,30,Female,16.937031879257784,0.915,-1.6583,1,1,1,0,0,True,False,False
243,75,Female,32.81807372175981,1.032,-0.6833,0,1,0,1,0,True,True,True
244,55,Male,22.408786769347305,1.474,3.0,0,1,0,1,0,True,True,True
245,81,Female,24.67105263157895,0.714117647058824,-3.3324,2,1,0,1,0,True,True,True
246,65,Female,23.14814814814815,0.732265910012161,-3.1811,2,1,0,1,0,True,True,True
247,69,Female,25.236340330075304,1.09606481481481,-0.1495,0,1,0,1,0,True,True,True
248,54,Female,25.224089004999776,0.985,-1.075,1,1,0,1,0,True,True,True
249,76,Female,25.806451612903224,1.06,-0.45,0,1,0,1,0,True,True,True
250,67,Male,25.781249999999996,1.06,-0.45,0,1,0,1,0,True,True,True
251,71,Female,22.67573696145125,1.061,-0.4417,0,1,0,1,0,True,True,True
252,58,Female,30.477219243084754,1.196,0.6833,0,1,0,1,0,True,True,True
253,68,Male,18.36547291092746,0.745,-3.075,2,1,0,1,0,True,True,True
254,51,Female,26.89232313815483,0.84,-2.2833,1,1,0,1,0,True,True,True
255,54,Male,20.202020202020204,1.085,-0.2417,0,1,0,1,0,True,True,True
256,67,Female,22.22222222222222,0.504,-5.0833,2,1,0,1,0,True,True,True
257,72,Male,26.89232313815483,1.26901628373857,1.2918,0,1,0,1,0,True,True,True
258,61,Female,19.675166853130666,1.30515423662632,1.593,0,1,0,1,0,True,True,True
259,78,Female,20.174553747642648,0.59,-4.3667,2,1,0,1,0,True,True,True
260,44,Female,20.28479857195018,1.055,-0.4917,0,1,0,1,0,True,True,True
261,52,Female,16.999103851590434,0.761797752808989,-2.935,2,1,0,1,0,True,True,True
262,59,Female,28.095733610822055,1.212,0.8167,0,1,0,1,0,True,True,True
263,63,Female,25.333083130043164,0.851,-2.1917,1,1,0,1,0,True,True,True
264,86,Female,21.208448753462605,0.739,-3.125,2,1,0,1,0,True,True,True
265,70,Male,21.773842357381334,1.342,1.9,0,1,0,1,0,True,True,True
266,59,Male,23.529411764705884,1.075,-0.325,0,1,0,1,0,True,True,True
267,72,Female,19.223375624759708,0.863,-2.0917,1,1,0,1,0,True,True,True
268,51,Female,28.040378144528116,0.777,-2.8083,2,1,0,1,0,True,True,True
269,55,Female,27.055150884495315,1.281,1.3917,0,1,0,1,0,True,True,True
270,74,Female,20.0,0.676,-3.65,2,1,0,1,0,True,True,True
271,52,Male,23.147255121330193,1.013,-0.8417,0,1,0,1,0,True,True,True
272,57,Male,22.49963710262738,0.995,-0.9917,0,1,0,1,0,True,True,True
273,73,Female,22.985397512168742,0.964,-1.25,1,1,0,1,0,True,True,True
274,73,Male,17.85062274331616,0.621,-4.1083,2,1,0,1,0,True,True,True
275,87,Female,17.31301939058172,0.619,-4.125,2,1,0,1,0,True,True,True
276,63,Female,23.309053069719038,0.655,-3.825,2,1,0,1,0,True,True,True
277,30,Female,23.051754907792983,1.2276882890727,0.9474,0,1,0,1,0,True,True,True
278,71,Male,22.386314277122523,1.142,0.2333,0,1,0,1,0,True,True,True
279,60,Female,20.82999519307803,1.046,-0.5667,0,1,0,1,0,True,True,True
280,45,Male,24.489795918367346,0.97,-1.2,1,1,0,1,0,True,True,True
281,70,Male,15.221919564172406,0.886,-1.9,1,0,0,0,0,False,False,False
282,61,Female,18.85882198149204,0.91,-1.7,1,0,0,0,0,False,False,False
283,35,Female,19.834710743801654,1.029,-0.7083,0,0,0,0,0,False,False,False
284,80,Female,30.178820773839018,0.687485958211638,-3.5543,2,0,0,0,0,False,False,False
285,75,Female,23.244594535327398,0.641,-3.9417,2,0,0,0,0,False,False,False
286,69,Male,20.70081674131507,1.46388542963885,2.9157,0,0,0,0,0,False,False,False
287,55,Female,19.227687870533565,1.206,0.7667,0,0,0,0,0,False,False,False
288,64,Female,26.576915117254302,0.954,-1.3333,1,0,0,0,0,False,False,False
289,84,Male,22.052190183434128,1.225,0.925,0,0,0,0,0,False,False,False
290,31,Male,20.9572742022715,1.127,0.1083,0,0,0,0,0,False,False,False
291,73,Female,26.27134546819291,1.063,-0.425,0,0,0,0,0,False,False,False
292,58,Female,18.986590720303784,0.721,-3.275,2,0,0,0,0,False,False,False
293,63,Female,30.468749999999993,0.8,-2.6167,2,0,0,0,0,False,False,False
294,52,Female,22.432302515622492,1.26,1.2167,0,0,0,0,0,False,False,False
295,51,Female,20.028841531805796,0.963,-1.2583,1,0,0,0,0,False,False,False
296,67,Female,25.153150229218223,0.824,-2.4167,1,0,0,0,0,False,False,False
297,56,Female,18.517804097064154,0.739,-3.125,2,0,0,0,0,False,False,False
298,83,Female,22.942130453700404,0.973,-1.175,1,0,0,0,0,False,False,False
299,68,Male,21.30394857667585,0.834,-2.3333,1,0,0,0,0,False,False,False
300,73,Female,22.476586888657646,0.903,-1.7583,1,0,0,0,0,False,False,False
301,82,Male,26.666666666666668,1.138,0.2,0,0,0,0,0,False,False,False
302,56,Female,18.467636592946263,0.876,-1.9833,1,0,0,0,0,False,False,False
303,64,Female,22.313278429145196,0.729,-3.2083,2,0,0,0,0,False,False,False
304,62,Female,20.88888888888889,0.698,-3.4667,2,0,0,0,0,False,False,False
305,71,Female,30.818540433925047,0.968910891,-1.2091,1,0,0,0,0,False,False,False
306,80,Female,26.953124999999996,1.001,-0.9417,0,0,0,0,0,False,False,False
307,69,Female,24.238227146814403,0.749,-3.0417,2,0,0,0,0,False,False,False
308,71,Female,24.88888888888889,0.938,-1.4667,1,0,0,0,0,False,False,False
309,60,Male,21.410944984758313,1.202,0.7333,0,0,0,0,0,False,False,False
310,73,Female,31.577562387614577,1.261,1.225,0,0,0,0,0,False,False,False
311,67,Female,20.269357236160534,0.796,-2.65,2,0,0,0,0,False,False,False
312,79,Female,21.077195227520797,0.815126050420168,-2.4906,1,0,0,0,0,False,False,False
313,49,Female,17.03923080043815,1.123,0.075,0,0,0,0,0,False,False,False
314,52,Female,25.10387811634349,0.979,-1.125,1,0,0,0,0,False,False,False
315,63,Female,22.37034331628926,0.702,-3.4333,2,0,0,0,0,False,False,False
316,62,Female,24.34960912469563,1.017,-0.8083,0,0,0,0,0,False,False,False
317,65,Female,26.562499999999996,1.019,-0.7917,0,0,0,0,0,False,False,False
318,76,Female,24.218749999999996,1.045,-0.575,0,0,0,0,0,False,False,False
319,58,Male,20.983987603305785,0.931,-1.525,1,0,0,0,0,False,False,False
320,73,Female,25.63116749967961,1.668,4.6167,0,0,0,0,0,False,False,False
321,70,Female,21.92369212872339,0.77,-2.8667,2,0,0,0,0,False,False,False
322,60,Female,21.78649237472767,0.998804542737597,-0.96,0,0,0,0,0,False,False,False
323,57,Female,23.83300460223537,0.905,-1.7417,1,0,0,0,0,False,False,False
324,56,Female,26.709401709401707,1.158,0.3667,0,0,0,0,0,False,False,False
325,49,Male,14.880952380952383,1.077,-0.3083,0,0,0,0,0,False,False,False
326,48,Male,23.87543252595156,1.217,0.8583,0,0,0,0,0,False,False,False
327,65,Female,23.11111111111111,0.85,-2.2,1,0,0,0,0,False,False,False
328,49,Female,18.986590720303784,1.098,-0.1333,0,0,0,0,0,False,False,False
329,27,Male,25.71166207529844,1.046,-0.5667,0,0,0,0,0,False,False,False
330,64,Female,23.634033007530842,0.729,-3.2083,2,0,0,0,0,False,False,False
331,55,Female,24.46460160337235,0.997,-0.975,0,0,0,0,0,False,False,False
332,66,Female,21.093749999999996,1.337,1.8583,0,0,0,0,0,False,False,False
333,56,Male,26.528510346119035,1.29,1.4667,0,0,0,0,0,False,False,False
334,67,Female,25.390624999999996,0.893,-1.8417,1,0,0,0,0,False,False,False
335,61,Female,27.92666996982118,0.925,-1.575,1,0,0,0,0,False,False,False
336,56,Female,24.83576349943919,1.113,-0.0083,0,0,0,0,0,False,False,False
337,60,Male,20.32443825510934,1.012,-0.85,0,0,0,0,0,False,False,False
338,64,Female,21.936347412254616,0.906,-1.7333,1,0,0,0,0,False,False,False
339,71,Female,25.20398137468495,0.957,-1.3083,1,0,0,0,0,False,False,False
340,75,Female,26.575379487410476,0.961,-1.275,1,0,0,0,0,False,False,False
341,69,Female,18.314255983350673,0.883,-1.925,1,0,0,0,0,False,False,False
342,67,Female,21.64412070759625,0.839,-2.2917,1,0,0,0,0,False,False,False
343,56,Female,21.227887617065555,0.757,-2.975,2,0,0,0,0,False,False,False
344,55,Male,27.636054421768712,0.966,-1.2333,1,0,0,0,0,False,False,False
345,77,Female,22.939750692520775,0.885,-1.9083,1,0,0,0,0,False,False,False
346,74,Female,25.96454217209623,0.821,-2.4417,1,0,0,0,0,False,False,False
347,84,Female,27.39225712198685,1.08,-0.2833,0,0,0,0,0,False,False,False
348,69,Female,26.05835362467427,0.82506175611947,-2.4078,1,0,0,0,0,False,False,False
349,78,Female,21.926125822229718,0.814,-2.5,2,0,0,0,0,False,False,False
350,60,Female,38.52146814404432,1.381,2.225,0,0,0,0,0,False,False,False
351,70,Female,26.658618781751425,0.73,-3.2,2,0,0,0,0,False,False,False
352,67,Male,26.175194521137367,0.786,-2.7333,2,0,0,0,0,False,False,False
353,69,Female,24.444444444444443,0.817,-2.475,1,0,0,0,0,False,False,False
354,66,Male,20.957171162932475,0.924,-1.5833,1,0,0,0,0,False,False,False
355,55,Male,18.591130340724717,0.762,-2.9333,2,0,0,0,0,False,False,False
356,59,Female,20.449137418203453,1.002,-0.9333,0,0,0,0,0,False,False,False
357,64,Male,28.40550435551067,1.146,0.2667,0,0,0,0,0,False,False,False
358,74,Male,24.816326530612244,1.08153946510111,-0.2705,0,0,0,0,0,False,False,False
359,68,Female,26.40235457063712,0.796,-2.65,2,0,0,0,0,False,False,False
360,51,Male,24.221453287197235,1.01138014527845,-0.8552,0,0,0,0,0,False,False,False
361,63,Male,17.908855357415025,0.839,-2.2917,1,0,0,0,0,False,False,False
362,57,Female,19.955469738823552,1.136,0.1833,0,0,0,0,0,False,False,False
363,63,Female,23.296718657177134,0.772,-2.85,2,0,0,0,0,False,False,False
364,61,Female,26.722872520606725,1.086,-0.2333,0,0,0,0,0,False,False,False
365,63,Female,27.055150884495315,0.821,-2.4417,1,0,0,0,0,False,False,False
366,68,Female,25.390624999999996,0.926,-1.5667,1,0,0,0,0,False,False,False
367,71,Female,17.846519928613922,0.805,-2.575,2,0,0,0,0,False,False,False
368,58,Female,24.196493791088386,0.855,-2.1583,1,0,0,0,0,False,False,False
369,67,Female,21.938775510204085,0.861,-2.1083,1,0,0,0,0,False,False,False
370,66,Female,27.94214332675871,0.866,-2.0667,1,0,0,0,0,False,False,False
371,54,Female,21.620647718571234,0.733,-3.175,2,0,0,0,0,False,False,False
372,88,Female,24.32322868339264,0.943,-1.425,1,0,0,0,0,False,False,False
373,76,Female,24.998903556861542,0.949,-1.375,1,0,0,0,0,False,False,False
374,57,Female,24.524346347059055,0.88,-1.95,1,0,0,0,0,False,False,False
375,66,Female,19.834710743801654,0.48,-5.2833,2,0,0,0,0,False,False,False
376,74,Male,24.141519250780433,0.742,-3.1,2,0,0,0,0,False,False,False
377,64,Female,30.84627667295689,1.38,2.2167,0,0,0,0,0,False,False,False
378,60,Female,25.781249999999996,1.16,0.3833,0,0,0,0,0,False,False,False
379,65,Female,24.97398543184183,0.864,-2.0833,1,0,0,0,0,False,False,False
380,43,Female,22.832879346258608,1.226,0.9333,0,0,0,0,0,False,False,False
381,71,Female,20.7197873969641,0.638,-3.9667,2,0,0,0,0,False,False,False
382,56,Female,22.21367849972233,0.755,-2.9917,2,0,0,0,0,False,False,False
383,27,Female,24.242424242424246,1.473,2.9917,0,0,0,0,0,False,False,False
384,60,Female,18.02595737862522,0.752,-3.0167,2,0,0,0,0,False,False,False
385,76,Female,19.47714681440443,0.662432966412645,-3.7631,2,0,0,0,0,False,False,False
386,66,Female,26.740476637267783,0.983,-1.0917,1,0,0,0,0,False,False,False
387,57,Female,20.174553747642648,0.893,-1.8417,1,0,0,0,0,False,False,False
388,73,Female,26.638917793964616,0.814,-2.5,2,0,0,0,0,False,False,False
389,65,Female,21.64412070759625,0.763,-2.925,2,0,0,0,0,False,False,False
390,55,Female,25.153150229218223,0.897,-1.8083,1,0,0,0,0,False,False,False
391,62,Male,21.829952199932254,1.052,-0.5167,0,0,0,0,0,False,False,False
392,65,Female,20.5456936226167,0.861,-2.1083,1,0,0,0,0,False,False,False
393,60,Female,21.359914560341757,0.837,-2.3083,1,0,0,0,0,False,False,False
394,71,Male,27.43484224965706,1.128,0.1167,0,0,0,0,0,False,False,False
395,71,Female,25.63116749967961,0.99,-1.0333,1,0,0,0,0,False,False,False
396,64,Female,20.82999519307803,0.864,-2.0833,1,0,0,0,0,False,False,False
397,62,Female,23.49523687470631,0.712,-3.35,2,0,0,0,0,False,False,False
398,80,Female,22.829964328180736,0.76,-2.95,2,0,0,0,0,False,False,False
399,69,Female,22.892819979188342,0.663,-3.7583,2,0,0,0,0,False,False,False
400,67,Female,21.77777777777778,0.747,-3.0583,2,0,0,0,0,False,False,False
401,61,Female,19.473406629072173,0.855,-2.1583,1,0,0,0,0,False,False,False
402,79,Female,21.40309155766944,1.243,1.075,0,0,0,0,0,False,False,False
403,78,Female,26.666666666666668,0.797,-2.6417,2,0,0,0,0,False,False,False
404,66,Female,20.504933999743688,1.02854446803491,-0.7121,0,0,0,0,0,False,False,False
405,65,Female,27.110582639714625,0.759,-2.9583,2,0,0,0,0,False,False,False
406,58,Female,17.48178980228928,0.64,-3.95,2,0,0,0,0,False,False,False
407,82,Female,23.92242299970097,0.947731982500576,-1.3856,1,0,0,0,0,False,False,False
408,59,Male,26.674874320303687,1.056,-0.4833,0,0,0,0,0,False,False,False
409,83,Female,21.484374999999996,1.059,-0.4583,0,0,0,0,0,False,False,False
410,63,Female,21.874999999999996,0.960635359,-1.278,1,0,0,0,0,False,False,False
411,73,Female,25.437480812245077,0.918,-1.6333,1,0,0,0,0,False,False,False
412,64,Female,19.94805976890361,0.745,-3.075,2,0,0,0,0,False,False,False
413,69,Female,20.504933999743688,0.76420581655481,-2.915,2,0,0,0,0,False,False,False
414,49,Female,21.231205789586504,0.853,-2.175,1,0,0,0,0,False,False,False
415,55,Female,21.15529420201513,0.987,-1.0583,1,0,0,0,0,False,False,False
416,39,Female,19.43301326017375,0.943,-1.425,1,0,0,0,0,False,False,False
417,44,Male,22.03856749311295,0.778,-2.8,2,0,0,0,0,False,False,False
418,63,Female,23.011176857330703,1.359,2.0417,0,0,0,0,0,False,False,False
419,68,Female,24.654832347140037,1.031,-0.6917,0,0,0,0,0,False,False,False
420,30,Female,18.25631871475516,1.016,-0.8167,0,0,0,0,0,False,False,False
421,66,Female,40.47900151796256,0.861271676,-2.1061,1,0,0,0,0,False,False,False
422,57,Female,30.303030303030308,1.447,2.775,0,0,0,0,0,False,False,False
423,41,Male,29.411764705882355,1.178,0.5333,0,0,0,0,0,False,False,False
424,58,Female,20.312499999999996,0.907,-1.725,1,0,0,0,0,False,False,False
425,63,Female,31.217481789802285,0.935,-1.4917,1,0,0,0,0,False,False,False
426,66,Female,24.55775234131113,0.815,-2.4917,1,0,0,0,0,False,False,False
427,62,Female,21.874999999999996,1.102,-0.1,0,0,0,0,0,False,False,False
428,60,Female,18.06616733787497,0.782,-2.7667,2,0,0,0,0,False,False,False
429,64,Female,25.390624999999996,0.932,-1.5167,1,0,0,0,0,False,False,False
430,63,Female,23.80540166204986,0.976,-1.15,1,0,0,0,0,False,False,False
431,52,Male,26.298487836949374,1.176,0.5167,0,0,0,0,0,False,False,False
432,74,Female,22.031725684986377,0.791,-2.6917,2,0,0,0,0,False,False,False
433,79,Female,23.80540166204986,1.027,-0.725,0,0,0,0,0,False,False,False
434,30,Female,19.5964581216432,0.811,-2.525,2,0,0,0,0,False,False,False
435,78,Female,22.375679950619187,0.651,-3.8583,2,0,0,0,0,False,False,False
436,75,Female,23.683171790710933,0.909,-1.7083,1,0,0,0,0,False,False,False
437,60,Female,24.97398543184183,0.822,-2.4333,1,0,0,0,0,False,False,False
438,65,Female,20.88888888888889,0.602,-4.2667,2,0,0,0,0,False,False,False
439,69,Male,19.48696145124717,1.279,1.375,0,0,0,0,0,False,False,False
440,67,Female,25.76571345623458,0.99,-1.0333,1,0,0,0,0,False,False,False
441,73,Female,21.641274238227147,0.823,-2.425,1,0,0,0,0,False,False,False
442,53,Female,20.70081674131507,0.836,-2.3167,1,0,0,0,0,False,False,False
443,73,Female,27.055150884495315,0.879,-1.9583,1,0,0,0,0,False,False,False
444,55,Male,20.147971991015986,1.507,3.275,0,0,0,0,0,False,False,False
445,70,Female,22.939750692520775,0.86,-2.1167,1,0,0,0,0,False,False,False
446,73,Female,23.437499999999996,0.941,-1.4417,1,0,0,0,0,False,False,False
447,28,Female,24.44727891156463,1.206,0.7667,0,0,0,0,0,False,False,False
448,71,Male,21.383941996057334,1.03,-0.7,0,0,0,0,0,False,False,False
449,68,Female,25.153150229218223,1.009,-0.875,0,0,0,0,0,False,False,False
450,61,Female,19.72386587771203,0.878,-1.9667,1,0,0,0,0,False,False,False
451,93,Female,30.297783933518005,0.991,-1.025,1,0,0,0,0,False,False,False
452,68,Male,19.723183391003463,1.047,-0.5583,0,0,0,0,0,False,False,False
453,30,Female,30.119375573921033,0.89,-1.8667,1,0,0,0,0,False,False,False
454,63,Female,24.7582026007682,0.737,-3.1417,2,0,0,0,0,False,False,False
455,40,Female,19.837333862328904,1.456,2.85,0,0,0,0,0,False,False,False
456,65,Female,50.5987518974532,0.842,-2.2667,1,0,0,0,0,False,False,False
457,63,Female,25.3141299798916,0.9,-1.7833,1,0,0,0,0,False,False,False
458,81,Female,24.67105263157895,0.982,-1.1,1,0,0,0,0,False,False,False
459,59,Male,31.533446712018144,1.399,2.375,0,0,0,0,0,False,False,False
460,65,Female,23.49523687470631,0.845,-2.2417,1,0,0,0,0,False,False,False
461,71,Female,17.224803717352987,0.795,-2.6583,2,0,0,0,0,False,False,False
462,76,Female,27.18163008641324,1.169,0.4583,0,0,0,0,0,False,False,False
463,67,Male,25.209201358495854,0.853773584905661,-2.1686,1,0,0,0,0,False,False,False
464,70,Female,24.654832347140037,0.626,-4.0667,2,0,0,0,0,False,False,False
465,66,Female,20.060954438486167,0.9,-1.7833,1,0,0,0,0,False,False,False
466,62,Female,23.73323840037973,0.975,-1.1583,1,0,0,0,0,False,False,False
467,76,Female,24.560326301478007,0.978,-1.1333,1,0,0,0,0,False,False,False
468,75,Female,23.634033007530842,0.997,-0.975,0,0,0,0,0,False,False,False
469,30,Female,17.527815881725342,0.652,-3.85,2,0,0,0,0,False,False,False
470,71,Male,22.920971074380166,1.37248701152022,2.1541,0,0,0,0,0,False,False,False
471,86,Female,28.763971071663377,1.186,0.6,0,0,0,0,0,False,False,False
472,68,Female,22.665895061728396,0.799,-2.625,2,0,0,0,0,False,False,False
473,79,Female,18.49112426035503,0.797,-2.6417,2,0,0,0,0,False,False,False
474,64,Female,21.50188648626719,1.093,-0.175,0,0,0,0,0,False,False,False
475,65,Female,27.92666996982118,0.928,-1.55,1,0,0,0,0,False,False,False
476,77,Female,26.666666666666668,0.879,-1.9583,1,0,0,0,0,False,False,False
477,72,Female,19.312952005259696,0.701,-3.4417,2,0,0,0,0,False,False,False
478,53,Female,31.24523700655387,1.491,3.1417,0,0,0,0,0,False,False,False
479,86,Female,18.666666666666668,0.88,-1.95,1,0,0,0,0,False,False,False
480,77,Female,23.804800634794685,0.845,-2.2417,1,0,0,0,0,False,False,False
481,61,Male,26.365603028664147,1.087,-0.225,0,0,0,0,0,False,False,False
482,58,Female,20.82999519307803,0.916,-1.65,1,0,0,0,0,False,False,False
483,68,Female,24.919900320398717,1.038,-0.6333,0,0,0,0,0,False,False,False
484,58,Female,26.753212578395683,0.587,-4.3917,2,0,0,0,0,False,False,False
485,71,Female,24.435186668803073,0.669,-3.7083,2,0,0,0,0,False,False,False
486,66,Female,24.77679524969029,0.868,-2.05,1,0,0,0,0,False,False,False
487,61,Female,27.343749999999996,1.16770990718757,0.4476,0,0,0,0,0,False,False,False
488,75,Female,24.444444444444443,0.881,-1.9417,1,0,0,0,0,False,False,False
489,70,Female,27.776706145596233,0.819082672706682,-2.4576,1,0,0,0,0,False,False,False
490,64,Male,28.398718000730252,0.961,-1.275,1,0,0,0,0,False,False,False
491,50,Female,22.432302515622492,1.22,0.8833,0,0,0,0,0,False,False,False
492,65,Female,24.444444444444443,0.681029952706253,-3.6081,2,0,0,0,0,False,False,False
493,67,Female,17.527815881725342,0.977,-1.1417,1,0,0,0,0,False,False,False
494,59,Female,24.526817529732984,0.737,-3.1417,2,0,0,0,0,False,False,False
495,56,Female,21.333333333333332,0.705,-3.4083,2,0,0,0,0,False,False,False
496,52,Female,29.996712689020377,1.233,0.9917,0,0,0,0,0,False,False,False
497,78,Female,23.968224981738498,0.933,-1.5083,1,0,0,0,0,False,False,False
498,72,Male,25.86451247165533,1.96475607493971,7.0896,0,0,0,0,0,False,False,False
499,66,Female,22.22222222222222,0.671,-3.6917,2,0,0,0,0,False,False,False
500,76,Female,24.300733981352906,0.617,-4.1417,2,0,0,0,0,False,False,False
501,65,Female,20.312499999999996,0.859,-2.125,1,0,0,0,0,False,False,False
502,70,Female,25.20398137468495,0.9,-1.7833,1,0,0,0,0,False,False,False
503,66,Female,14.073935072246202,0.741,-3.1083,2,0,0,0,0,False,False,False
504,63,Female,24.910767400356935,0.905,-1.7417,1,0,0,0,0,False,False,False
505,56,Female,23.011176857330703,0.994,-1.0,0,0,0,0,0,False,False,False
506,68,Female,19.312952005259696,0.845,-2.2417,1,0,0,0,0,False,False,False
507,51,Female,28.691748808366885,1.178,0.5333,0,0,0,0,0,False,False,False
508,48,Female,20.429418362441915,0.984,-1.0833,1,0,0,0,0,False,False,False
509,59,Male,20.761245674740486,1.01,-0.8667,0,0,0,0,0,False,False,False
510,58,Female,23.365978769817726,0.994,-1.0,0,0,0,0,0,False,False,False
511,85,Female,14.79591836734694,0.499,-5.125,2,0,0,0,0,False,False,False
512,50,Female,21.453573713726524,0.9,-1.7833,1,0,0,0,0,False,False,False
513,60,Female,23.233456176894723,1.046,-0.5667,0,0,0,0,0,False,False,False
514,70,Female,25.2993759487266,0.778,-2.8,2,0,0,0,0,False,False,False
515,30,Male,21.829952199932254,1.002,-0.9333,0,0,0,0,0,False,False,False
516,58,Female,22.939750692520775,0.764,-2.9167,2,0,0,0,0,False,False,False
517,64,Male,22.758306781975424,1.062,-0.4333,0,0,0,0,0,False,False,False
518,61,Female,24.654832347140037,0.783,-2.7583,2,0,0,0,0,False,False,False
519,66,Female,24.089252722800072,0.959,-1.2917,1,0,0,0,0,False,False,False
520,69,Female,27.339911999658252,0.969,-1.2083,1,0,0,0,0,False,False,False
521,56,Female,22.10028959000152,0.965,-1.2417,1,0,0,0,0,False,False,False
522,70,Male,21.504469556417607,1.154,0.3333,0,0,0,0,0,False,False,False
523,76,Male,26.769779892920884,1.371,2.1417,0,0,0,0,0,False,False,False
524,79,Male,21.29529475392104,0.844,-2.25,1,0,0,0,0,False,False,False
525,56,Female,24.034609838166958,0.982,-1.1,1,0,0,0,0,False,False,False
526,74,Female,25.236340330075304,0.82427258805513,-2.4144,1,0,0,0,0,False,False,False
527,61,Female,26.07897153351699,1.15,0.3,0,0,0,0,0,False,False,False
528,26,Female,29.054752066115704,1.068,-0.3833,0,0,0,0,0,False,False,False
529,74,Male,21.60410477990818,0.874,-2.0,1,0,0,0,0,False,False,False
530,72,Female,21.110902608369305,1.113,-0.0083,0,0,0,0,0,False,False,False
531,62,Female,25.153150229218223,0.912,-1.6833,1,0,0,0,0,False,False,False
532,82,Female,20.66115702479339,0.844,-2.25,1,0,0,0,0,False,False,False
533,55,Female,21.490285513793253,0.778,-2.8,2,0,0,0,0,False,False,False
534,66,Female,21.50188648626719,0.932,-1.5167,1,0,0,0,0,False,False,False
535,87,Male,20.322252866889244,1.48,3.05,0,0,0,0,0,False,False,False
536,64,Female,24.97398543184183,0.637,-3.975,2,0,0,0,0,False,False,False
537,73,Female,26.666666666666668,1.022,-0.7667,0,0,0,0,0,False,False,False
538,67,Male,21.71806608974573,0.972,-1.1833,1,0,0,0,0,False,False,False
539,67,Female,25.71100826707804,0.784,-2.75,2,0,0,0,0,False,False,False
540,65,Female,21.338210638622158,0.889,-1.875,1,0,0,0,0,False,False,False
541,76,Female,22.939750692520775,1.376,2.1833,0,0,0,0,0,False,False,False
542,59,Female,18.974531961544947,0.831,-2.3583,1,0,0,0,0,False,False,False
543,59,Male,28.344671201814062,1.011,-0.8583,0,0,0,0,0,False,False,False
544,51,Female,23.291699420618976,1.218,0.8667,0,0,0,0,0,False,False,False
545,56,Female,22.54657648036074,0.805,-2.575,2,0,0,0,0,False,False,False
546,53,Female,21.077195227520797,0.901,-1.775,1,0,0,0,0,False,False,False
547,70,Female,27.76709812465291,0.833,-2.3417,1,0,0,0,0,False,False,False
548,84,Female,31.005599518719055,1.142,0.2333,0,0,0,0,0,False,False,False
549,74,Female,23.305588585017837,0.779,-2.7917,2,0,0,0,0,False,False,False
550,63,Female,15.581717451523545,0.735,-3.1583,2,0,0,0,0,False,False,False
551,66,Male,19.834710743801654,0.964817320703654,-1.2432,1,0,0,0,0,False,False,False
552,42,Male,21.62964876033058,1.123,0.075,0,0,0,0,0,False,False,False
553,73,Female,24.989587671803417,0.881,-1.9417,1,0,0,0,0,False,False,False
554,80,Female,22.95918367346939,0.74,-3.1167,2,0,0,0,0,False,False,False
555,69,Female,21.096190514828187,0.897,-1.8083,1,0,0,0,0,False,False,False
556,90,Female,23.804800634794685,1.21,0.8,0,0,0,0,0,False,False,False
557,60,Female,30.22222222222222,1.159,0.375,0,0,0,0,0,False,False,False
558,70,Female,26.340680786867974,0.815,-2.4917,1,0,0,0,0,False,False,False
559,62,Female,15.82214288612114,0.76,-2.95,2,0,0,0,0,False,False,False
560,88,Female,18.261504747991236,0.597,-4.3083,2,0,0,0,0,False,False,False
561,69,Female,20.32443825510934,0.921,-1.6083,1,0,0,0,0,False,False,False
562,56,Female,24.444444444444443,0.752,-3.0167,2,0,0,0,0,False,False,False
563,78,Female,21.64412070759625,0.795,-2.6583,2,0,0,0,0,False,False,False
564,85,Female,22.656249999999996,1.168,0.45,0,0,0,0,0,False,False,False
565,83,Female,24.88888888888889,0.849,-2.2083,1,0,0,0,0,False,False,False
566,87,Male,18.36547291092746,1.178,0.5333,0,0,0,0,0,False,False,False
567,67,Male,24.034609838166958,1.277,1.3583,0,0,0,0,0,False,False,False
568,69,Female,21.00073046018992,0.788,-2.7167,2,0,0,0,0,False,False,False
569,79,Male,12.420490044789041,0.852728468113083,-2.1773,1,0,0,0,0,False,False,False
570,60,Female,24.242424242424246,0.94,-1.45,1,0,0,0,0,False,False,False
571,67,Female,29.1363163371488,0.936,-1.4833,1,0,0,0,0,False,False,False
572,56,Female,22.86236854138088,0.986,-1.0667,1,0,0,0,0,False,False,False
573,59,Female,18.49112426035503,0.64,-3.95,2,0,0,0,0,False,False,False
574,53,Female,21.00073046018992,0.842,-2.2667,1,0,0,0,0,False,False,False
575,30,Female,21.051708258409718,0.881,-1.9417,1,0,0,0,0,False,False,False
576,68,Female,24.128792373719392,0.617,-4.1417,2,0,0,0,0,False,False,False
577,70,Female,22.03856749311295,0.839,-2.2917,1,0,0,0,0,False,False,False
578,81,Female,20.82999519307803,0.77,-2.8667,2,0,0,0,0,False,False,False
579,57,Female,25.315454293738377,0.895,-1.825,1,0,0,0,0,False,False,False
580,60,Female,27.012602250324043,1.095,-0.1583,0,0,0,0,0,False,False,False
581,76,Female,29.43213296398892,0.747,-3.0583,2,0,0,0,0,False,False,False
582,60,Female,20.444444444444443,0.974,-1.1667,1,0,0,0,0,False,False,False
583,65,Female,22.892819979188342,0.92,-1.6167,1,0,0,0,0,False,False,False
584,60,Female,24.34960912469563,0.778,-2.8,2,0,0,0,0,False,False,False
585,34,Female,20.316328803742483,1.063,-0.425,0,0,0,0,0,False,False,False
586,58,Female,21.333333333333332,0.829759068043421,-2.3687,1,0,0,0,0,False,False,False
587,64,Male,17.263544536271812,1.127,0.1083,0,0,0,0,0,False,False,False
588,72,Female,24.560326301478007,0.857,-2.1417,1,0,0,0,0,False,False,False
589,14,Female,17.21108680841909,0.976,-1.15,1,0,0,0,0,False,False,False
590,50,Female,21.007667798746546,1.143,0.2417,0,0,0,0,0,False,False,False
591,57,Female,36.19875019051973,1.298,1.5333,0,0,0,0,0,False,False,False
592,75,Female,24.653031409788166,0.937566816335258,-1.4703,1,0,0,0,0,False,False,False
593,64,Female,24.034609838166958,0.891211401425178,-1.8566,1,0,0,0,0,False,False,False
594,57,Female,21.63114885435026,1.299,1.5417,0,0,0,0,0,False,False,False
595,76,Female,28.691748808366885,0.977,-1.1417,1,0,0,0,0,False,False,False
596,57,Female,26.986001011975038,0.984,-1.0833,1,0,0,0,0,False,False,False
597,65,Female,20.429418362441915,0.799,-2.625,2,0,0,0,0,False,False,False
598,74,Female,24.55775234131113,0.954,-1.3333,1,0,0,0,0,False,False,False
599,62,Female,22.031725684986377,0.97,-1.2,1,0,0,0,0,False,False,False
600,69,Female,21.513858510523864,1.033,-0.675,0,0,0,0,0,False,False,False
601,83,Female,20.690494543389182,0.983,-1.0917,1,0,0,0,0,False,False,False
602,49,Female,22.313278429145196,1.26,1.2167,0,0,0,0,0,False,False,False
603,63,Female,28.444444444444443,0.949592449592449,-1.3701,1,0,0,0,0,False,False,False
604,74,Female,24.034609838166958,0.846,-2.2333,1,0,0,0,0,False,False,False
605,63,Female,36.0,0.974,-1.1667,1,0,0,0,0,False,False,False
606,56,Male,27.450604870886398,1.362,2.0667,0,0,0,0,0,False,False,False
607,64,Female,25.88757396449704,1.051,-0.525,0,0,0,0,0,False,False,False
608,63,Male,19.705532421177875,0.921,-1.6083,1,0,0,0,0,False,False,False
609,58,Female,22.03856749311295,0.679,-3.625,2,0,0,0,0,False,False,False
610,63,Male,21.35779559539232,0.987,-1.0583,1,0,0,0,0,False,False,False
611,72,Female,25.10956902848795,1.168,0.45,0,0,0,0,0,False,False,False
612,82,Male,31.22130394857668,1.00481134464421,-0.9099,0,0,0,0,0,False,False,False
613,67,Female,24.55775234131113,0.552,-4.6833,2,0,0,0,0,False,False,False
614,68,Female,18.730489073881373,0.617,-4.1417,2,0,0,0,0,False,False,False
615,65,Female,25.63116749967961,0.681,-3.6083,2,0,0,0,0,False,False,False
616,68,Female,17.008820853605474,0.995,-0.9917,0,0,0,0,0,False,False,False
617,71,Male,25.59373706198954,1.281,1.3917,0,0,0,0,0,False,False,False
618,71,Female,21.928862769176792,0.758,-2.9667,2,0,0,0,0,False,False,False
619,69,Female,28.720083246618103,1.234,1.0,0,0,0,0,0,False,False,False
620,32,Male,26.397977394408095,1.233,0.9917,0,0,0,0,0,False,False,False
621,64,Female,23.61275088547816,0.987,-1.0583,1,0,0,0,0,False,False,False
622,60,Female,21.484374999999996,0.871,-2.025,1,0,0,0,0,False,False,False
623,61,Female,22.54657648036074,0.856,-2.15,1,0,0,0,0,False,False,False
624,51,Male,23.711844630960897,1.06,-0.45,0,0,0,0,0,False,False,False
625,58,Female,25.351541373715524,1.277,1.3583,0,0,0,0,0,False,False,False
626,57,Female,20.23950075898128,0.806,-2.5667,2,0,0,0,0,False,False,False
627,80,Female,31.217481789802285,0.712,-3.35,2,0,0,0,0,False,False,False
628,61,Male,20.761245674740486,1.207,0.775,0,0,0,0,0,False,False,False
629,67,Female,19.43301326017375,0.658,-3.8,2,0,0,0,0,False,False,False
630,53,Female,22.832879346258608,0.927,-1.5583,1,0,0,0,0,False,False,False
631,65,Female,26.638917793964616,0.812,-2.5167,2,0,0,0,0,False,False,False
632,56,Female,16.406249999999996,0.876,-1.9833,1,0,0,0,0,False,False,False
633,67,Female,16.66593570457436,0.537,-4.8083,2,0,0,0,0,False,False,False
634,78,Female,19.290123456790123,0.666,-3.7333,2,0,0,0,0,False,False,False
635,52,Female,30.470521541950117,1.118,0.0333,0,0,0,0,0,False,False,False
636,65,Female,25.536703601108034,0.995,-0.9917,0,0,0,0,0,False,False,False
637,80,Female,24.444444444444443,0.749,-3.0417,2,0,0,0,0,False,False,False
638,53,Female,25.63116749967961,0.983,-1.0917,1,0,0,0,0,False,False,False
639,90,Female,25.915127955944286,0.952,-1.35,1,0,0,0,0,False,False,False
640,65,Female,24.97398543184183,0.897,-1.8083,1,0,0,0,0,False,False,False
641,56,Female,26.43807082198365,0.878,-1.9667,1,0,0,0,0,False,False,False
642,76,Female,20.23950075898128,0.769,-2.875,2,0,0,0,0,False,False,False
643,60,Female,19.72386587771203,0.754,-3.0,2,0,0,0,0,False,False,False
644,67,Female,19.631117604090576,0.718,-3.3,2,0,0,0,0,False,False,False
645,30,Male,17.647058823529413,1.187,0.6083,0,0,0,0,0,False,False,False
646,56,Female,20.446742023841672,0.983,-1.0917,1,0,0,0,0,False,False,False
647,60,Female,18.818924310286427,1.031,-0.6917,0,0,0,0,0,False,False,False
648,57,Female,18.63335953649518,0.903,-1.7583,1,0,0,0,0,False,False,False
649,81,Male,18.069727891156464,0.618,-4.1333,2,0,0,0,0,False,False,False
650,57,Female,22.031725684986377,1.017,-0.8083,0,0,0,0,0,False,False,False
651,73,Female,18.730489073881373,0.995,-0.9917,0,0,0,0,0,False,False,False
652,68,Female,20.932120124738347,0.709,-3.375,2,0,0,0,0,False,False,False
653,60,Female,20.322252866889244,0.842,-2.2667,1,0,0,0,0,False,False,False
654,65,Female,24.034609838166958,0.642,-3.9333,2,0,0,0,0,False,False,False
655,58,Female,18.749999999999996,0.787,-2.725,2,0,0,0,0,False,False,False
656,33,Female,22.942130453700404,1.147,0.275,0,0,0,0,0,False,False,False
657,38,Male,23.661438615467823,1.109,-0.0417,0,0,0,0,0,False,False,False
658,53,Female,30.427197857925268,1.744,5.25,0,0,0,0,0,False,False,False
659,68,Female,18.730489073881373,0.816,-2.4833,1,0,0,0,0,False,False,False
660,72,Female,21.333333333333332,1.05,-0.5333,0,0,0,0,0,False,False,False
661,55,Female,23.92242299970097,0.875,-1.9917,1,0,0,0,0,False,False,False
662,60,Female,22.582709172343712,1.056,-0.4833,0,0,0,0,0,False,False,False
663,63,Female,23.243408017070564,0.875,-1.9917,1,0,0,0,0,False,False,False
664,30,Male,20.91070815517618,1.019,-0.7917,0,0,0,0,0,False,False,False
665,61,Female,20.65754000210077,0.794,-2.6667,2,0,0,0,0,False,False,False
666,56,Female,20.507812499999996,0.841,-2.275,1,0,0,0,0,False,False,False
667,66,Female,23.309053069719038,0.72,-3.2833,2,0,0,0,0,False,False,False
668,74,Female,23.725286160249738,0.752,-3.0167,2,0,0,0,0,False,False,False
669,61,Female,21.874999999999996,0.97,-1.2,1,0,0,0,0,False,False,False
670,65,Female,29.04865649963689,1.08,-0.2833,0,0,0,0,0,False,False,False
671,84,Female,19.312952005259696,0.984,-1.0833,1,0,0,0,0,False,False,False
672,67,Female,20.811654526534856,1.021,-0.775,0,0,0,0,0,False,False,False
673,68,Female,19.396188227357058,0.65,-3.8667,2,0,0,0,0,False,False,False
674,61,Female,22.40817898532965,1.023,-0.7583,0,0,0,0,0,False,False,False
675,67,Female,23.046874999999996,0.716,-3.3167,2,0,0,0,0,False,False,False
676,67,Female,19.72386587771203,0.712,-3.35,2,0,0,0,0,False,False,False
677,68,Female,29.094282341035587,0.95,-1.3667,1,0,0,0,0,False,False,False
678,68,Male,16.015624999999996,0.841,-2.275,1,0,0,0,0,False,False,False
679,57,Female,17.444926771877153,0.652,-3.85,2,0,0,0,0,False,False,False
680,69,Female,30.863035868869737,1.07496947496948,-0.3253,0,0,0,0,0,False,False,False
681,62,Female,21.35930624973301,1.001,-0.9417,0,0,0,0,0,False,False,False
682,30,Female,24.977043158861342,1.059,-0.4583,0,0,0,0,0,False,False,False
683,70,Female,23.422368361785505,0.73,-3.2,2,0,0,0,0,False,False,False
684,70,Female,30.021501886486266,0.836,-2.3167,1,0,0,0,0,False,False,False
685,73,Female,23.634033007530842,0.745,-3.075,2,0,0,0,0,False,False,False
686,60,Female,22.52150804017837,0.716,-3.3167,2,0,0,0,0,False,False,False
687,60,Female,24.034407151290267,0.949,-1.375,1,0,0,0,0,False,False,False
688,82,Female,21.926125822229718,1.137,0.1917,0,0,0,0,0,False,False,False
689,87,Female,17.333333333333332,0.905806887238353,-1.7349,1,0,0,0,0,False,False,False
690,66,Female,20.702862170695102,0.575,-4.4917,2,0,0,0,0,False,False,False
691,60,Female,23.53036634346221,0.893,-1.8417,1,0,0,0,0,False,False,False
692,66,Female,20.832529609197174,0.924,-1.5833,1,0,0,0,0,False,False,False
693,30,Female,20.342797783933516,0.97,-1.2,1,0,0,0,0,False,False,False
694,57,Female,26.23355580417422,1.246,1.1,0,0,0,0,0,False,False,False
695,63,Female,24.97398543184183,0.87,-2.0333,1,0,0,0,0,False,False,False
696,63,Male,22.229061933586404,1.287,1.4417,0,0,0,0,0,False,False,False
697,55,Female,24.560326301478007,1.334,1.8333,0,0,0,0,0,False,False,False
698,47,Female,23.711844630960897,0.88,-1.95,1,0,0,0,0,False,False,False
699,60,Female,23.011176857330703,0.855,-2.1583,1,0,0,0,0,False,False,False
700,82,Female,23.138507103521682,0.915,-1.6583,1,0,0,0,0,False,False,False
701,74,Female,24.34960912469563,0.735309017223911,-3.1558,2,0,0,0,0,False,False,False
702,55,Female,22.76943835385394,1.163,0.4083,0,0,0,0,0,False,False,False
703,70,Female,20.811654526534856,0.759,-2.9583,2,0,0,0,0,False,False,False
704,68,Female,23.19159599453622,0.815464587394412,-2.4878,1,0,0,0,0,False,False,False
705,61,Female,18.019917760162564,0.829,-2.375,1,0,0,0,0,False,False,False
706,83,Female,23.93606231490121,0.833,-2.3417,1,0,0,0,0,False,False,False
707,66,Female,19.81405273586343,0.762,-2.9333,2,0,0,0,0,False,False,False
708,80,Female,23.437499999999996,0.883,-1.925,1,0,0,0,0,False,False,False
709,87,Female,22.829964328180736,0.597,-4.3083,2,0,0,0,0,False,False,False
710,56,Female,26.61934338952972,1.095,-0.1583,0,0,0,0,0,False,False,False
711,73,Female,23.06805074971165,0.74,-3.1167,2,0,0,0,0,False,False,False
712,70,Female,19.650561749754367,0.759,-2.9583,2,0,0,0,0,False,False,False
713,72,Female,27.39225712198685,0.973,-1.175,1,0,0,0,0,False,False,False
714,57,Male,25.076193048107708,1.16,0.3833,0,0,0,0,0,False,False,False
715,68,Female,22.506925207756233,0.78694942903752,-2.7254,2,0,0,0,0,False,False,False
716,30,Male,24.913494809688583,0.962,-1.2667,1,0,0,0,0,False,False,False
717,64,Female,26.91272587466359,1.397,2.3583,0,0,0,0,0,False,False,False
718,75,Female,24.609374999999996,0.768,-2.8833,2,0,0,0,0,False,False,False
719,76,Male,26.43807082198365,1.348,1.95,0,0,0,0,0,False,False,False
720,74,Female,21.64412070759625,0.697,-3.475,2,0,0,0,0,False,False,False
721,49,Female,26.83864765261977,0.92,-1.6167,1,0,0,0,0,False,False,False
722,64,Female,30.80124869927159,1.222,0.9,0,0,0,0,0,False,False,False
723,36,Female,18.765246762994934,0.991,-1.025,1,0,0,0,0,False,False,False
724,55,Female,22.265624999999996,0.974,-1.1667,1,0,0,0,0,False,False,False
725,66,Female,31.346450617283953,0.985,-1.075,1,0,0,0,0,False,False,False
726,59,Female,21.484374999999996,0.949,-1.375,1,0,0,0,0,False,False,False
727,73,Female,20.88888888888889,0.96,-1.2833,1,0,0,0,0,False,False,False
728,87,Female,19.11111111111111,0.836,-2.3167,1,0,0,0,0,False,False,False
729,57,Female,27.09925100681245,0.958,-1.3,1,0,0,0,0,False,False,False
730,63,Female,21.227887617065555,0.808,-2.55,2,0,0,0,0,False,False,False
731,29,Female,21.829952199932254,1.359,2.0417,0,0,0,0,0,False,False,False
732,67,Male,41.52249134948097,0.984,-1.0833,1,0,0,0,0,False,False,False
733,34,Female,23.533042706685695,1.167,0.4417,0,0,0,0,0,False,False,False
734,63,Male,23.889462809917354,1.084,-0.25,0,0,0,0,0,False,False,False
735,67,Female,20.70081674131507,0.558,-4.6333,2,0,0,0,0,False,False,False
736,58,Male,24.968009737523797,1.159,0.375,0,0,0,0,0,False,False,False
737,76,Female,22.22222222222222,0.837092183052332,-2.3076,1,0,0,0,0,False,False,False
738,55,Male,23.120623596247853,1.002,-0.9333,0,0,0,0,0,False,False,False
739,79,Female,24.67105263157895,0.674,-3.6667,2,0,0,0,0,False,False,False
740,65,Female,21.719250114311837,0.924,-1.5833,1,0,0,0,0,False,False,False
741,66,Female,29.903028749626213,0.988,-1.05,1,0,0,0,0,False,False,False
742,61,Female,23.634033007530842,0.727,-3.225,2,0,0,0,0,False,False,False
743,74,Female,21.63114885435026,0.755300127713921,-2.9892,2,0,0,0,0,False,False,False
744,73,Female,19.531249999999996,0.909,-1.7083,1,0,0,0,0,False,False,False
745,60,Female,28.841531805800347,1.132,0.15,0,0,0,0,0,False,False,False
746,64,Female,20.82999519307803,0.917,-1.6417,1,0,0,0,0,False,False,False
747,66,Female,18.329919853360643,0.818,-2.4667,1,0,0,0,0,False,False,False
748,49,Female,21.7784352399737,1.056,-0.4833,0,0,0,0,0,False,False,False
749,76,Female,23.634033007530842,0.702,-3.4333,2,0,0,0,0,False,False,False
750,63,Female,25.63691716071142,0.91,-1.7,1,0,0,0,0,False,False,False
751,85,Female,24.97398543184183,0.795,-2.6583,2,0,0,0,0,False,False,False
752,65,Female,26.709401709401707,0.961,-1.275,1,0,0,0,0,False,False,False
753,65,Female,27.555555555555557,0.609966084,-4.2003,2,0,0,0,0,False,False,False
754,65,Female,21.63114885435026,0.643,-3.925,2,0,0,0,0,False,False,False
755,47,Female,24.38652644413961,1.088,-0.2167,0,0,0,0,0,False,False,False
756,62,Female,22.942130453700404,0.803,-2.5917,2,0,0,0,0,False,False,False
757,59,Male,17.474717430101133,0.866487016,-2.0626,1,0,0,0,0,False,False,False
758,65,Female,22.679952409280194,0.814,-2.5,2,0,0,0,0,False,False,False
759,68,Female,21.936347412254616,0.843,-2.2583,1,0,0,0,0,False,False,False
760,64,Female,25.558846200657225,0.802,-2.6,2,0,0,0,0,False,False,False
761,65,Male,22.40817898532965,0.92,-1.6167,1,0,0,0,0,False,False,False
762,36,Male,23.529411764705884,1.233,0.9917,0,0,0,0,0,False,False,False
763,30,Male,23.738662131519277,0.663,-3.7583,2,0,0,0,0,False,False,False
764,82,Female,22.481329065691202,0.689,-3.5417,2,0,0,0,0,False,False,False
765,68,Female,18.426534209261334,0.541800339686733,-4.7683,2,0,0,0,0,False,False,False
766,51,Female,16.21771290692615,0.81,-2.5333,2,0,0,0,0,False,False,False
767,78,Female,23.533042706685695,0.853,-2.175,1,0,0,0,0,False,False,False
768,73,Female,22.97193820098194,0.79,-2.7,2,0,0,0,0,False,False,False
769,64,Female,21.926125822229718,0.802438473696094,-2.5963,2,0,0,0,0,False,False,False
770,74,Female,26.986001011975038,0.931,-1.525,1,0,0,0,0,False,False,False
771,54,Female,18.426534209261334,1.081,-0.275,0,0,0,0,0,False,False,False
772,69,Female,24.128792373719392,0.823,-2.425,1,0,0,0,0,False,False,False
773,67,Female,20.5456936226167,0.758,-2.9667,2,0,0,0,0,False,False,False
774,53,Female,21.051708258409718,0.855,-2.1583,1,0,0,0,0,False,False,False
775,77,Female,24.77365884419621,0.69,-3.5333,2,0,0,0,0,False,False,False
776,69,Female,21.359914560341757,0.787,-2.725,2,0,0,0,0,False,False,False
777,64,Female,26.22222222222222,0.986270022883295,-1.0644,1,0,0,0,0,False,False,False
778,61,Male,24.538964901844146,0.986,-1.0667,1,0,0,0,0,False,False,False
779,66,Female,18.549346016646847,0.718,-3.3,2,0,0,0,0,False,False,False
780,61,Female,19.195302796492154,0.935,-1.4917,1,0,0,0,0,False,False,False
781,50,Female,20.449137418203453,0.991,-1.025,1,0,0,0,0,False,False,False
782,69,Male,20.685150239512268,0.797,-2.6417,2,0,0,0,0,False,False,False
783,55,Female,20.70081674131507,1.109,-0.0417,0,0,0,0,0,False,False,False
784,82,Female,18.22222222222222,0.502,-5.1,2,0,0,0,0,False,False,False
785,61,Female,20.56880661366243,1.217,0.8583,0,0,0,0,0,False,False,False
786,55,Female,24.88888888888889,0.737,-3.1417,2,0,0,0,0,False,False,False
787,56,Male,22.136739730004358,0.951,-1.3583,1,0,0,0,0,False,False,False
788,66,Female,20.703124999999996,0.929,-1.5417,1,0,0,0,0,False,False,False
789,61,Female,21.333333333333332,0.9,-1.7833,1,0,0,0,0,False,False,False
790,68,Female,23.725286160249738,1.126,0.1,0,0,0,0,0,False,False,False
791,55,Male,27.68166089965398,1.238,1.0333,0,0,0,0,0,False,False,False
792,72,Female,15.950459748545695,0.78,-2.7833,2,0,0,0,0,False,False,False
793,50,Female,20.308826613392792,1.068,-0.3833,0,0,0,0,0,False,False,False
794,69,Female,22.892819979188342,0.559,-4.625,2,0,0,0,0,False,False,False
795,72,Female,22.97193820098194,0.939,-1.4583,1,0,0,0,0,False,False,False
796,54,Female,20.028841531805796,0.84612096601838,-2.2323,1,0,0,0,0,False,False,False
797,72,Female,24.243918474687703,0.803,-2.5917,2,0,0,0,0,False,False,False
798,76,Female,27.639801313892,1.38159706287288,2.23,0,0,0,0,0,False,False,False
799,75,Female,25.20398137468495,0.903,-1.7583,1,0,0,0,0,False,False,False
800,64,Female,21.35930624973301,1.001,-0.9417,0,0,0,0,0,False,False,False
801,60,Female,20.320332793374806,0.68,-3.6167,2,0,0,0,0,False,False,False
802,51,Female,22.476586888657646,1.038,-0.6333,0,0,0,0,0,False,False,False
803,74,Male,29.319856487018246,1.074,-0.3333,0,0,0,0,0,False,False,False
